#VRML V2.0 utf8
# C8269 WJ128V-5.0-2P mesh from EasyEDA official LCSC component; normalized to pin-row midpoint, PCB surface z=0.
# Model source https://easyeda.com/analyzer/api/3dmodel/21c28499ae8144248c38156c15ac0aac
Shape { appearance Appearance { material Material { diffuseColor 0.7686274509803922 0.7686274509803922 0.7686274509803922 } } geometry IndexedFaceSet { solid FALSE coord Coordinate { point [
-0.4921260 1.9530547 1.7215787,
-0.4921260 1.9330913 1.7473043,
-0.4921260 1.9091598 1.7693878,
-0.4921260 1.1417323 1.8110244,
-0.4921260 1.1417323 1.6929126,
-0.4921260 1.7880878 1.8110244,
-0.4921260 1.9685039 1.6929126,
-0.4921260 1.8205394 1.8083307,
-0.4921260 1.8521031 1.8003244,
-0.4921260 1.8819154 1.7872236,
-1.4763780 1.9685039 1.6929126,
-1.4763780 1.1417323 1.6929126,
-1.4763780 1.1417323 1.8110244,
-1.4763780 1.7880878 1.8110244,
-1.4763780 1.8205394 1.8083307,
-1.4763780 1.8521031 1.8003244,
-1.4763780 1.8819154 1.7872236,
-1.4763780 1.9091598 1.7693878,
-1.4763780 1.9530547 1.7215787,
-1.4763780 1.9330913 1.7473043,
-0.6818185 2.0472441 1.1059909,
-0.6508047 2.0472441 1.1025079,
-0.7499327 2.0472441 0.8695244,
-0.8170331 2.0472441 1.1367185,
-0.7092906 2.0472441 1.1386390,
-0.7191630 2.0472441 1.1379579,
-0.7555776 2.0472441 1.1280764,
-0.7555776 2.0472441 1.0858260,
-0.8170331 2.0472441 0.8217579,
-0.9783543 2.0472441 1.1021496,
-1.0167642 2.0472441 0.0000000,
-1.0167642 2.0472441 1.1386390,
-0.9783543 2.0472441 1.1367185,
-0.8592839 2.0472441 1.1021496,
-0.8592839 2.0472441 0.9984433,
-0.7201004 2.0472441 1.1010173,
-0.7555776 2.0472441 0.8726512,
-0.8592839 2.0472441 0.9638744,
-0.8592839 2.0472441 0.8563272,
-0.9706724 2.0472441 0.9638744,
-0.9860366 2.0472441 0.8563272,
-0.9706724 2.0472441 0.9984433,
-0.5379000 2.0472441 1.0537626,
-0.5563606 2.0472441 1.0832094,
-0.3753201 2.0472441 1.1367185,
-0.5847957 2.0472441 1.1105563,
-0.6147118 2.0472441 1.1277764,
0.0000000 2.0472441 1.1386390,
0.0000000 2.0472441 0.0000000,
-0.3330693 2.0472441 0.8217579,
-0.9860366 2.0472441 0.8217579,
-0.6498240 2.0472441 1.1379768,
-0.6579339 2.0472441 1.1386390,
-0.3330693 2.0472441 1.1367185,
-0.6272307 2.0472441 1.0940000,
-0.6054307 2.0472441 1.0794165,
-0.5864110 2.0472441 1.0584193,
-0.5635283 2.0472441 0.9758776,
-0.5667173 2.0472441 0.9417811,
-0.5752744 2.0472441 0.9146902,
-0.6453598 2.0472441 0.8557811,
-0.6747366 2.0472441 0.8524858,
-0.6224102 2.0472441 0.8642299,
-0.6030803 2.0472441 0.8772583,
-0.5883008 2.0472441 0.8928512,
-0.7165449 2.0472441 0.8571260,
-0.5734260 2.0472441 1.0341008,
-0.5650307 2.0472441 1.0003831,
-0.3753201 2.0472441 0.8563272,
-0.5212776 2.0472441 0.9732972,
-0.5258083 2.0472441 1.0180744,
-0.5995736 2.0472441 0.8324496,
-0.5742386 2.0472441 0.8486280,
-0.4943906 2.0472441 0.8217579,
-0.5505811 2.0472441 0.8735343,
-0.4943906 2.0472441 0.8563272,
-0.5338024 2.0472441 0.9034823,
-0.5243232 2.0472441 0.9368201,
-0.7555776 2.0472441 0.8380823,
-0.7220043 2.0472441 0.8242972,
-0.6775272 2.0472441 0.8180650,
-0.6689154 2.0472441 0.8179173,
-0.6301008 2.0472441 0.8219417,
0.0000000 2.0472441 1.8897638,
-0.4921260 2.0472441 1.8897638,
-0.6814587 2.0472441 1.1405594,
-1.0167642 2.0472441 1.8897638,
-1.4763780 2.0472441 1.8897638,
-1.5303157 2.0472441 0.9101004,
-1.4002024 2.0472441 0.9101004,
-1.5621839 2.0472441 0.8217579,
-1.3701350 2.0472441 0.8217579,
-1.6082760 2.0472441 0.8217579,
-1.9685039 2.0472441 0.0000000,
-1.3240429 2.0472441 0.8217579,
-1.4853642 2.0472441 1.1367185,
-1.4431134 2.0472441 1.1367185,
-1.1363752 2.0472441 1.1367185,
-1.1818780 2.0472441 1.1318547,
-1.2187287 2.0472441 1.1189150,
-1.2530098 2.0472441 1.0959406,
-1.2852697 2.0472441 0.9080819,
-1.2672079 2.0472441 0.8799106,
-1.2412831 2.0472441 0.8550886,
-1.2083972 2.0472441 0.8359772,
-1.2533390 2.0472441 1.0956516,
-1.2756114 2.0472441 1.0709547,
-1.2902488 2.0472441 1.0438681,
-1.1721051 2.0472441 0.8251598,
-1.1331343 2.0472441 0.8217579,
-1.0474921 2.0472441 0.8217579,
-1.0474921 2.0472441 1.1367185,
-1.2987083 2.0472441 1.0128354,
-1.3009969 2.0472441 0.9831996,
-1.2965776 2.0472441 0.9410488,
-1.9685039 2.0472441 1.1386390,
-1.9685039 2.0472441 1.8897638,
-2.1652524 1.0629921 0.0000000,
-2.1652524 1.4566929 0.0000000,
-1.9685039 1.1547374 0.0000000,
-1.9685039 1.3649476 0.0000000,
-2.1652524 -1.6929134 0.0000000,
-2.1652524 -1.2992126 0.0000000,
-1.9685039 -1.6011681 0.0000000,
-1.9685039 -1.3909579 0.0000000,
-0.1968504 1.0629921 0.0000000,
-0.8070866 -0.1574803 0.0000000,
-0.8070866 0.1574803 0.0000000,
-0.1968504 -1.2992126 0.0000000,
0.0000000 1.1547850 0.0000000,
0.0000000 -1.3910055 0.0000000,
0.0000000 -1.6011205 0.0000000,
0.0000000 -2.0866142 0.0000000,
-0.1968504 -1.6929134 0.0000000,
-1.9685039 -2.0866142 0.0000000,
-1.1614173 -0.1574803 0.0000000,
-1.1614173 0.1574803 0.0000000,
-0.1968504 1.4566929 0.0000000,
0.0000000 1.3649000 0.0000000,
-1.9685039 -1.3909579 2.7559059,
-1.9685039 1.1547374 2.7559059,
-1.9685039 1.3649476 2.7559059,
-1.9685039 1.1565307 5.4913441,
-1.9685039 1.1505138 5.5076685,
-1.9685039 -1.6011681 2.7559059,
-1.9685039 -2.0866142 2.7952756,
-1.9685039 -2.0799067 2.8462240,
-1.9685039 -1.9881890 2.9657535,
-1.9685039 -1.9407126 2.9854185,
-1.9685039 -1.8897638 2.9921260,
-1.9685039 -1.1970882 5.4934551,
-1.9685039 -1.1891303 5.5122657,
-1.9685039 -1.1766020 5.5283972,
-1.9685039 -1.1603457 5.5407634,
-1.9685039 -1.1414563 5.5485323,
-1.9685039 -1.1212039 5.5511811,
-1.9685039 1.0800933 5.5511811,
-1.9685039 1.0973835 5.5492594,
-1.9685039 1.1138299 5.5435878,
-1.9685039 1.1286295 5.5344429,
-1.9685039 1.1410598 5.5222720,
-1.9685039 -2.0602413 2.8937016,
-1.9685039 -2.0289579 2.9344697,
-1.4763780 -1.8897638 0.7874012,
-0.4921260 -1.8897638 0.7874012,
-1.4763780 -1.6929134 0.7874012,
-0.4921260 -1.6929134 0.7874012,
-0.4921260 -1.6888890 0.8179705,
-0.4921260 -1.6929134 2.1653539,
-0.4921260 -1.6929134 2.0543890,
-0.4921260 -1.8897638 2.1653539,
-0.4921260 -1.6794984 1.9524917,
-0.4921260 -1.6053724 0.9014874,
-0.4921260 -1.6401673 1.8575386,
-0.4921260 -1.5776012 1.7760004,
-0.4921260 -1.6338583 0.8896882,
-0.4921260 -1.6583197 0.8709181,
-0.4921260 -1.6770898 0.8464567,
-0.4921260 -0.1181102 1.6606882,
-0.4921260 -0.1181102 0.9055118,
-0.4921260 -1.2992126 1.6606882,
-0.4921260 -1.5748031 0.9055118,
-0.4921260 -1.4011098 1.6741035,
-0.4921260 -1.4960630 1.7134346,
-1.4763780 -1.6929134 2.0543890,
-1.4763780 -1.6929134 2.1653539,
-1.4763780 -1.8897638 2.1653539,
-1.4763780 -1.6338583 0.8896882,
-1.4763780 -1.6053724 0.9014874,
-1.4763780 -1.4960630 1.7134346,
-1.4763780 -1.5776012 1.7760004,
-1.4763780 -1.6401673 1.8575386,
-1.4763780 -1.6794984 1.9524917,
-1.4763780 -1.6888890 0.8179705,
-1.4763780 -1.6770898 0.8464567,
-1.4763780 -1.6583197 0.8709181,
-1.4763780 -0.1181102 0.9055118,
-1.4763780 -0.1181102 1.6606882,
-1.4763780 -1.5748031 0.9055118,
-1.4763780 -1.2992126 1.6606882,
-1.4763780 -1.4011098 1.6741035,
-0.2824591 -0.1181102 5.4724413,
-1.6860449 -0.1181102 5.4724413,
-0.3013626 -0.2090606 5.4724413,
-1.6671413 -0.2090606 5.4724413,
-1.6274965 -0.3170701 5.4724413,
-1.4132031 -0.5837791 5.4724413,
-1.3162677 -0.6457575 5.4724413,
-1.2105807 -0.6912327 5.4724413,
-0.3410079 -0.3170701 5.4724413,
-1.0989276 -0.7190067 5.4724413,
-0.9842520 -0.7283465 5.4724413,
-0.4696728 -0.5069315 5.4724413,
-1.5708957 -0.4172406 5.4724413,
-1.4988315 -0.5069315 5.4724413,
-0.3976083 -0.4172406 5.4724413,
-0.8695764 -0.7190067 5.4724413,
-0.7579232 -0.6912327 5.4724413,
-0.5553012 -0.5837791 5.4724413,
-0.6522362 -0.6457575 5.4724413,
-1.6928846 -0.3608787 5.3937008,
-1.6360783 -0.4614130 5.3937008,
-1.6344441 -0.4603055 5.4112220,
-1.5978457 -0.5089976 5.3937008,
-1.5560067 -0.5610701 5.3937008,
-1.5545732 -0.5597126 5.4112220,
-1.3251461 -0.7273740 5.3937008,
-1.2357283 -0.7658492 5.3937008,
-1.2350980 -0.7639783 5.4112220,
-0.8096303 -0.7849669 5.3937008,
-0.7327756 -0.7658492 5.3937008,
-0.7334063 -0.7639783 5.4112220,
-0.4941602 -0.6343587 5.3937008,
-0.4124972 -0.5610701 5.3937008,
-0.4139307 -0.5597126 5.4112220,
-0.3706583 -0.5089976 5.3937008,
-0.3324256 -0.4614130 5.3937008,
-0.3340598 -0.4603055 5.4112220,
-1.7501492 -0.1945449 5.3937008,
-1.7430181 -0.2301024 5.3937008,
-1.7411157 -0.2295748 5.4112220,
-0.2844783 -0.2137429 5.4704669,
-0.2647866 -0.1181102 5.4703386,
-0.2636350 -0.1181102 5.4702012,
-0.2684409 -0.2181902 5.4646437,
-0.2559134 -0.1181102 5.4679201,
-0.2420398 -0.2255114 5.4427949,
-0.2323945 -0.1181102 5.4548465,
-0.2540543 -0.2221799 5.4552622,
-0.2390071 -0.1181102 5.4596268,
-0.2482248 -0.1181102 5.4641488,
-0.2113760 -0.1181102 5.4276409,
-0.2147051 -0.1181102 5.4348138,
-0.2330000 -0.2280185 5.4278650,
-0.2193287 -0.1181102 5.4415047,
-0.2204717 -0.1181102 5.4426717,
-0.2068972 -0.1181102 5.4179909,
-0.2273886 -0.2295748 5.4112220,
-0.2050598 -0.1181102 5.4112102,
-0.2254862 -0.2301024 5.3937008,
-0.2183551 -0.1945449 5.3937008,
-0.2030264 -0.1181102 5.3937008,
-0.2047961 -0.1181102 5.4102378,
-1.7355039 -0.2280185 5.4278650,
-1.7615555 -0.1181102 5.4181480,
-1.7630823 -0.1181102 5.4111350,
-1.7650004 -0.1181102 5.4023252,
-1.7654780 -0.1181102 5.3937008,
-1.7264642 -0.2255114 5.4427949,
-1.7536972 -0.1181102 5.4349791,
-1.7571244 -0.1181102 5.4276382,
-1.7144496 -0.2221799 5.4552622,
-1.7361000 -0.1181102 5.4548539,
-1.7491898 -0.1181102 5.4414858,
-1.7129134 -0.1181102 5.4678059,
-1.7202783 -0.1181102 5.4641520,
-1.7000630 -0.2181902 5.4646437,
-1.7298106 -0.1181102 5.4594232,
-1.7355701 -0.1181102 5.4552382,
-1.7054787 -0.1181102 5.4700520,
-1.6840256 -0.2137429 5.4704669,
-1.7037079 -0.1181102 5.4702697,
-0.3251039 -0.3244224 5.4704669,
-0.3831039 -0.4270697 5.4704669,
-0.3099972 -0.3314067 5.4646437,
-0.3693268 -0.4364063 5.4646437,
-0.2964461 -0.3376717 5.4552622,
-0.3569677 -0.4447815 5.4552622,
-0.2851291 -0.3429039 5.4427949,
-0.3466465 -0.4517760 5.4427949,
-0.2766142 -0.3468406 5.4278650,
-0.3388807 -0.4570386 5.4278650,
-0.2713280 -0.3492843 5.4112220,
-0.6440276 -0.6612366 5.4704669,
-0.7523276 -0.7078366 5.4704669,
-0.6362299 -0.6759398 5.4646437,
-0.7470122 -0.7236075 5.4646437,
-0.6292354 -0.6891295 5.4552622,
-0.7422441 -0.7377555 5.4552622,
-0.6233941 -0.7001445 5.4427949,
-0.7382622 -0.7495701 5.4427949,
-0.6189988 -0.7084319 5.4278650,
-0.7352661 -0.7584598 5.4278650,
-0.6162705 -0.7135768 5.4112220,
-1.1017630 -0.7362969 5.4704669,
-1.2161768 -0.7078366 5.4704669,
-1.1044563 -0.7527205 5.4646437,
-1.2214921 -0.7236075 5.4646437,
-1.1068720 -0.7674531 5.4552622,
-1.2262598 -0.7377555 5.4552622,
-1.1088898 -0.7797567 5.4427949,
-1.2302417 -0.7495701 5.4427949,
-1.1104075 -0.7890138 5.4278650,
-1.2332378 -0.7584598 5.4278650,
-1.1113500 -0.7947606 5.4112220,
-1.4238087 -0.5977260 5.4704669,
-1.5115543 -0.5189783 5.4704669,
-1.4338823 -0.6109736 5.4646437,
-1.5236390 -0.5304213 5.4646437,
-1.4429193 -0.6228575 5.4552622,
-1.5344795 -0.5406862 5.4552622,
-1.4504661 -0.6327819 5.4427949,
-1.5435331 -0.5492587 5.4427949,
-1.4561441 -0.6402492 5.4278650,
-1.5503449 -0.5557087 5.4278650,
-1.4596693 -0.6448846 5.4112220,
-0.2695362 -0.3501126 5.3937008,
-0.2756193 -0.3608787 5.3937008,
-0.4569500 -0.5189783 5.4704669,
-0.4448654 -0.5304213 5.4646437,
-0.4340244 -0.5406862 5.4552622,
-0.4249713 -0.5492587 5.4427949,
-0.4181594 -0.5557087 5.4278650,
-0.5076398 -0.6464563 5.3937008,
-0.5088346 -0.6448846 5.4112220,
-0.5123598 -0.6402492 5.4278650,
-0.5180378 -0.6327819 5.4427949,
-0.5255846 -0.6228575 5.4552622,
-0.5346217 -0.6109736 5.4646437,
-0.5446953 -0.5977260 5.4704669,
-0.6153457 -0.7153209 5.3937008,
-0.6433579 -0.7273740 5.3937008,
-0.8568346 -0.7967091 5.3937008,
-0.8571539 -0.7947606 5.4112220,
-0.8580965 -0.7890138 5.4278650,
-0.8596146 -0.7797567 5.4427949,
-0.8616319 -0.7674531 5.4552622,
-0.8640480 -0.7527205 5.4646437,
-0.8667409 -0.7362969 5.4704669,
-0.9842520 -0.7458677 5.4704669,
-0.9842520 -0.7625106 5.4646437,
-0.9842520 -0.7774402 5.4552622,
-0.9842520 -0.7899079 5.4427949,
-0.9842520 -0.7992890 5.4278650,
-0.9842520 -0.8051126 5.4112220,
-0.9842520 -0.8070866 5.3937008,
-1.1116697 -0.7967091 5.3937008,
-1.1588740 -0.7849669 5.3937008,
-1.3531583 -0.7153209 5.3937008,
-1.3522335 -0.7135768 5.4112220,
-1.3495051 -0.7084319 5.4278650,
-1.3451098 -0.7001445 5.4427949,
-1.3392689 -0.6891295 5.4552622,
-1.3322740 -0.6759398 5.4646437,
-1.3244768 -0.6612366 5.4704669,
-1.4608642 -0.6464563 5.3937008,
-1.4743437 -0.6343587 5.3937008,
-1.6296232 -0.4570386 5.4278650,
-1.6218575 -0.4517760 5.4427949,
-1.6115362 -0.4447815 5.4552622,
-1.5991776 -0.4364063 5.4646437,
-1.5854004 -0.4270697 5.4704669,
-1.6989681 -0.3501126 5.3937008,
-1.6971760 -0.3492843 5.4112220,
-1.6918902 -0.3468406 5.4278650,
-1.6833752 -0.3429039 5.4427949,
-1.6720583 -0.3376717 5.4552622,
-1.6585067 -0.3314067 5.4646437,
-1.6434004 -0.3244224 5.4704669,
0.0000000 -2.0866142 2.7952756,
0.0000000 -1.6011205 2.7559059,
0.0000000 1.0973835 5.5492594,
0.0000000 1.0800933 5.5511811,
0.0000000 -1.3910055 2.7559059,
0.0000000 1.1547850 2.7559059,
0.0000000 1.3649000 2.7559059,
0.0000000 1.1565307 5.4913441,
0.0000000 -1.8897638 2.9921260,
0.0000000 -1.9407126 2.9854185,
0.0000000 -1.9881890 2.9657535,
0.0000000 -2.0289579 2.9344697,
0.0000000 -2.0602413 2.8937016,
0.0000000 -2.0799067 2.8462240,
0.0000000 1.1505138 5.5076685,
0.0000000 1.1410598 5.5222720,
0.0000000 -1.1212039 5.5511811,
0.0000000 -1.1970882 5.4934551,
0.0000000 -1.1414563 5.5485323,
0.0000000 1.1286295 5.5344429,
0.0000000 1.1138299 5.5435878,
0.0000000 -1.1603457 5.5407634,
0.0000000 -1.1766020 5.5283972,
0.0000000 -1.1891303 5.5122657,
-0.2559055 -2.0866142 2.6377953,
-1.7125984 -2.0866142 2.6377953,
-1.7125984 -2.0866142 0.6299217,
-0.2559055 -2.0866142 0.6299217,
-0.1782094 0.1642890 5.5511811,
-0.1574803 -0.0196850 5.5511811,
-0.2393567 -0.3784079 5.5511811,
-0.3378559 -0.5351689 5.5511811,
-0.4687685 -0.6660811 5.5511811,
-0.6255291 -0.7645807 5.5511811,
-1.3429748 -0.7645807 5.5511811,
-1.4997358 -0.6660811 5.5511811,
-1.6306480 -0.5351689 5.5511811,
-1.7291476 -0.3784079 5.5511811,
-0.1782094 -0.2036591 5.5511811,
-0.8002780 -0.8257280 5.5511811,
-0.9842520 -0.8464567 5.5511811,
-1.1682260 -0.8257280 5.5511811,
-0.6255291 0.7252106 5.5511811,
-0.4687685 0.6267110 5.5511811,
-1.7902949 -0.2036591 5.5511811,
-1.8110236 -0.0196850 5.5511811,
-1.7902949 0.1642890 5.5511811,
-1.7291476 0.3390378 5.5511811,
-0.3378559 0.4957984 5.5511811,
-0.2393567 0.3390378 5.5511811,
-1.6306480 0.4957984 5.5511811,
-1.4997358 0.6267110 5.5511811,
-1.3429748 0.7252106 5.5511811,
-1.1682260 0.7863575 5.5511811,
-0.9842520 0.8070866 5.5511811,
-0.8002780 0.7863575 5.5511811,
-0.4921260 1.5748031 3.8000689,
-1.4763780 1.5748031 3.8000689,
-0.4921260 1.5748031 2.4803150,
-0.4921260 1.9685039 1.8897638,
-0.4921260 1.3779528 1.8897638,
-0.4921260 1.1417323 1.8897638,
-1.4763780 1.5748031 2.4803150,
-1.4763780 1.1417323 1.8897638,
-1.4763780 1.3779528 1.8897638,
-1.4763780 1.9685039 1.8897638,
-0.1574803 -0.0196850 5.1574803,
-0.1782094 0.1642890 5.1574803,
-0.2393567 0.3390378 5.1574803,
-0.3378559 0.4957984 5.1574803,
-0.4687685 0.6267110 5.1574803,
-0.6255291 0.7252106 5.1574803,
-0.8002780 0.7863575 5.1574803,
-0.9842520 0.8070866 5.1574803,
-1.1682260 0.7863575 5.1574803,
-1.3429748 0.7252106 5.1574803,
-1.4997358 0.6267110 5.1574803,
-1.6306480 0.4957984 5.1574803,
-1.7291476 0.3390378 5.1574803,
-1.7902949 0.1642890 5.1574803,
-1.8110236 -0.0196850 5.1574803,
-1.7902949 -0.2036591 5.1574803,
-1.7291476 -0.3784079 5.1574803,
-1.6306480 -0.5351689 5.1574803,
-1.4997358 -0.6660811 5.1574803,
-1.3429748 -0.7645807 5.1574803,
-1.1682260 -0.8257280 5.1574803,
-0.9842520 -0.8464567 5.1574803,
-0.8002780 -0.8257280 5.1574803,
-0.6255291 -0.7645807 5.1574803,
-0.4687685 -0.6660811 5.1574803,
-0.3378559 -0.5351689 5.1574803,
-0.2393567 -0.3784079 5.1574803,
-0.1782094 -0.2036591 5.1574803,
-1.4751890 0.5959303 5.1574803,
-1.5998673 0.4712516 5.1574803,
-1.6936764 0.3219555 5.1574803,
-1.7519118 0.1555283 5.1574803,
-1.7716535 -0.0196850 5.1574803,
-1.7519118 -0.1948984 5.1574803,
-1.6936764 -0.3613260 5.1574803,
-1.5998673 -0.5106220 5.1574803,
-1.4751890 -0.6353004 5.1574803,
-1.3258929 -0.7291094 5.1574803,
-1.1594654 -0.7873449 5.1574803,
-0.9842520 -0.8070866 5.1574803,
-0.8090386 -0.7873449 5.1574803,
-0.6426114 -0.7291094 5.1574803,
-0.4933154 -0.6353004 5.1574803,
-0.3686366 -0.5106220 5.1574803,
-0.2748276 -0.3613260 5.1574803,
-0.2165921 -0.1948984 5.1574803,
-0.1968504 -0.0196850 5.1574803,
-0.2165921 0.1555283 5.1574803,
-0.2748276 0.3219555 5.1574803,
-0.3686366 0.4712516 5.1574803,
-0.4933154 0.5959303 5.1574803,
-0.6426114 0.6897394 5.1574803,
-0.8090386 0.7479748 5.1574803,
-0.9842520 0.7677165 5.1574803,
-1.1594654 0.7479748 5.1574803,
-1.3258929 0.6897394 5.1574803,
-0.2030264 -0.1181102 5.3149610,
-0.1968504 -0.0196850 5.3149610,
-0.2030264 0.0787402 5.3149610,
-0.2030264 0.0787402 5.3937008,
-0.2183551 0.1551748 5.3937008,
-1.7654780 0.0787402 5.3937008,
-1.7501492 0.1551748 5.3937008,
-1.7654780 0.0787402 5.3149610,
-1.7716535 -0.0196850 5.3149610,
-1.7654780 -0.1181102 5.3149610,
-0.2254862 0.1907319 5.3937008,
-0.2695362 0.3107425 5.3937008,
-0.3324256 0.4220429 5.3937008,
-0.2756193 0.3215083 5.3937008,
-0.4124972 0.5217000 5.3937008,
-0.3706583 0.4696276 5.3937008,
-0.6433579 0.6880039 5.3937008,
-0.6153457 0.6759508 5.3937008,
-0.5076398 0.6070862 5.3937008,
-0.4941602 0.5949886 5.3937008,
-0.7327756 0.7264791 5.3937008,
-0.8096303 0.7455969 5.3937008,
-0.8568346 0.7573386 5.3937008,
-0.9842520 0.7677165 5.3937008,
-1.1116697 0.7573386 5.3937008,
-1.1588740 0.7455969 5.3937008,
-1.2357283 0.7264791 5.3937008,
-1.3251461 0.6880039 5.3937008,
-1.3531583 0.6759508 5.3937008,
-1.4608642 0.6070862 5.3937008,
-1.5560067 0.5217000 5.3937008,
-1.4743437 0.5949886 5.3937008,
-1.6360783 0.4220429 5.3937008,
-1.5978457 0.4696276 5.3937008,
-1.7430181 0.1907319 5.3937008,
-1.6989681 0.3107425 5.3937008,
-1.6928846 0.3215083 5.3937008,
-1.6274965 0.2776996 5.4724413,
-1.6671413 0.1696902 5.4724413,
-0.3013626 0.1696902 5.4724413,
-1.6860449 0.0787402 5.4724413,
-0.2824591 0.0787402 5.4724413,
-0.4696728 0.4675614 5.4724413,
-0.5553012 0.5444091 5.4724413,
-1.5708957 0.3778701 5.4724413,
-0.3976083 0.3778701 5.4724413,
-0.3410079 0.2776996 5.4724413,
-0.6522362 0.6063874 5.4724413,
-0.7579232 0.6518626 5.4724413,
-0.8695764 0.6796362 5.4724413,
-0.9842520 0.6889764 5.4724413,
-1.0989276 0.6796362 5.4724413,
-1.2105807 0.6518626 5.4724413,
-1.3162677 0.6063874 5.4724413,
-1.4132031 0.5444091 5.4724413,
-1.4988315 0.4675614 5.4724413,
-0.3346469 0.4205378 5.4140803,
-0.4144453 0.5198551 5.4140803,
-0.7336327 0.7239366 5.4140803,
-1.2348717 0.7239366 5.4140803,
-0.2336504 0.0787402 5.4558354,
-0.2266689 0.0787402 5.4489862,
-0.2477098 0.1845689 5.4493787,
-0.2280717 0.1900150 5.4140803,
-0.2052705 0.0787402 5.4122929,
-0.2030268 0.0787402 5.3939315,
-0.2157441 0.0787402 5.4364524,
-0.2139929 0.0787402 5.4329087,
-0.2356516 0.1879130 5.4330709,
-0.2075122 0.0787402 5.4197976,
-0.2057984 0.0787402 5.4140598,
-0.2202898 0.0787402 5.4427272,
-0.2399878 0.0787402 5.4602516,
-0.2634244 0.1802110 5.4618921,
-0.2428614 0.0787402 5.4616091,
-0.2570516 0.0787402 5.4683102,
-0.2817244 0.1751362 5.4697575,
-0.2619098 0.0787402 5.4696756,
-0.2645327 0.0787402 5.4704122,
-1.6877134 0.0787402 5.4724232,
-1.6867799 0.1751362 5.4697575,
-1.7064823 0.0787402 5.4697941,
-1.7050799 0.1802110 5.4618921,
-1.7141909 0.0787402 5.4673386,
-1.7066161 0.0787402 5.4697508,
-1.7418579 0.0787402 5.4490378,
-1.7374181 0.0787402 5.4537701,
-1.7207945 0.1845689 5.4493787,
-1.7309083 0.0787402 5.4586917,
-1.7255524 0.0787402 5.4614618,
-1.7501890 0.0787402 5.4401591,
-1.7328524 0.1879130 5.4330709,
-1.7546661 0.0787402 5.4333752,
-1.7615555 0.0787402 5.4181480,
-1.7404327 0.1900150 5.4140803,
-1.7623945 0.0787402 5.4140043,
-1.7652197 0.0787402 5.4000492,
-1.6459945 0.2862520 5.4697575,
-1.5877661 0.3893031 5.4697575,
-1.6632323 0.2942213 5.4618921,
-1.6034870 0.3999567 5.4618921,
-1.6780343 0.3010646 5.4493787,
-1.6169866 0.4091051 5.4493787,
-1.6893925 0.3063157 5.4330709,
-1.6273457 0.4161252 5.4330709,
-1.6965327 0.3096165 5.4140803,
-1.6338571 0.4205378 5.4140803,
-1.3258157 0.6243917 5.4697575,
-1.2170894 0.6711748 5.4697575,
-1.3347130 0.6411689 5.4618921,
-1.2231543 0.6891709 5.4618921,
-1.3423535 0.6555760 5.4493787,
-1.2283630 0.7046244 5.4493787,
-1.3482161 0.6666311 5.4330709,
-1.2323591 0.7164823 5.4330709,
-1.3519016 0.6735807 5.4140803,
-0.8662783 0.6997472 5.4697575,
-0.7514146 0.6711748 5.4697575,
-0.8632055 0.7184878 5.4618921,
-0.7453496 0.6891709 5.4618921,
-0.8605665 0.7345803 5.4493787,
-0.7401413 0.7046244 5.4493787,
-0.8585417 0.7469287 5.4330709,
-0.7361449 0.7164823 5.4330709,
-0.8572689 0.7546909 5.4140803,
-0.5429654 0.5606311 5.4697575,
-0.4548744 0.4815736 5.4697575,
-0.5314705 0.5757476 5.4618921,
-0.4410850 0.4946307 5.4618921,
-0.5215996 0.5887283 5.4493787,
-0.4292437 0.5058429 5.4493787,
-0.5140252 0.5986890 5.4330709,
-0.4201571 0.5144469 5.4330709,
-0.5092638 0.6049504 5.4140803,
-1.5540587 0.5198551 5.4140803,
-1.5483469 0.5144469 5.4330709,
-1.5392606 0.5058429 5.4493787,
-1.5274193 0.4946307 5.4618921,
-1.5136295 0.4815736 5.4697575,
-1.4592402 0.6049504 5.4140803,
-1.4544787 0.5986890 5.4330709,
-1.4469047 0.5887283 5.4493787,
-1.4370339 0.5757476 5.4618921,
-1.4255386 0.5606311 5.4697575,
-1.1112354 0.7546909 5.4140803,
-1.1099626 0.7469287 5.4330709,
-1.1079378 0.7345803 5.4493787,
-1.1052988 0.7184878 5.4618921,
-1.1022256 0.6997472 5.4697575,
-0.9842520 0.7093559 5.4697575,
-0.9842520 0.7283465 5.4618921,
-0.9842520 0.7446539 5.4493787,
-0.9842520 0.7571673 5.4330709,
-0.9842520 0.7650335 5.4140803,
-0.6166028 0.6735807 5.4140803,
-0.6202882 0.6666311 5.4330709,
-0.6261508 0.6555760 5.4493787,
-0.6337909 0.6411689 5.4618921,
-0.6426882 0.6243917 5.4697575,
-0.3411587 0.4161252 5.4330709,
-0.3515173 0.4091051 5.4493787,
-0.3650169 0.3999567 5.4618921,
-0.3807378 0.3893031 5.4697575,
-0.2719717 0.3096165 5.4140803,
-0.2791114 0.3063157 5.4330709,
-0.2904697 0.3010646 5.4493787,
-0.3052720 0.2942213 5.4618921,
-0.3225094 0.2862520 5.4697575,
-0.1968504 -1.2992126 2.7559059,
-0.1968504 -1.6929134 2.7559059,
-0.1968504 1.4566929 2.7559059,
-0.1968504 1.0629921 2.7559059,
-2.1652524 -1.2992126 2.7559059,
-2.1652524 -1.6929134 2.7559059,
-2.1652524 1.4566929 2.7559059,
-2.1652524 1.0629921 2.7559059,
-1.1614173 -0.1574803 -1.2598425,
-1.1614173 0.1574803 -1.2598425,
-0.9217228 0.1574803 -1.5748031,
-1.0467811 0.1574803 -1.5748031,
-0.8070866 0.1574803 -1.2598425,
-0.8070866 -0.1574803 -1.2598425,
-0.9217228 -0.1574803 -1.5748031,
-1.0467811 -0.1574803 -1.5748031,
-1.4853642 2.0433071 1.1367185,
-1.6082760 2.0433071 0.8217579,
-1.5621839 2.0433071 0.8217579,
-1.5303157 2.0433071 0.9101004,
-1.4002024 2.0433071 0.9101004,
-1.3701350 2.0433071 0.8217579,
-1.3240429 2.0433071 0.8217579,
-1.4431134 2.0433071 1.1367185,
-1.4108252 2.0433071 0.9446697,
-1.4578173 2.0433071 1.0762232,
-1.4608484 2.0433071 1.0871465,
-1.4628587 2.0433071 1.0983091,
-1.4638787 2.0433071 1.0983091,
-1.4659339 2.0433071 1.0871803,
-1.4687402 2.0433071 1.0762232,
-1.5161524 2.0433071 0.9446697,
-1.4108252 2.0472441 0.9446697,
-1.5161524 2.0472441 0.9446697,
-1.4578173 2.0472441 1.0762232,
-1.4608484 2.0472441 1.0871465,
-1.4628587 2.0472441 1.0983091,
-1.4638787 2.0472441 1.0983091,
-1.4659339 2.0472441 1.0871803,
-1.4687402 2.0472441 1.0762232,
-1.1331343 2.0433071 0.8217579,
-1.0474921 2.0433071 0.8217579,
-1.0474921 2.0433071 1.1367185,
-1.1363752 2.0433071 1.1367185,
-1.3009969 2.0433071 0.9831996,
-1.2987083 2.0433071 1.0128354,
-1.2902488 2.0433071 1.0438681,
-1.2756114 2.0433071 1.0709547,
-1.2533390 2.0433071 1.0956516,
-1.2530098 2.0433071 1.0959406,
-1.2187287 2.0433071 1.1189150,
-1.1818780 2.0433071 1.1318547,
-1.1721051 2.0433071 0.8251598,
-1.2083972 2.0433071 0.8359772,
-1.2412831 2.0433071 0.8550886,
-1.2672079 2.0433071 0.8799106,
-1.2852697 2.0433071 0.9080819,
-1.2965776 2.0433071 0.9410488,
-1.2377764 2.0433071 1.0579827,
-1.2224776 2.0433071 1.0742268,
-1.1994717 2.0433071 1.0890890,
-1.1734732 2.0433071 1.0981874,
-1.1361949 2.0433071 1.1021496,
-1.0897429 2.0433071 1.1021496,
-1.0897429 2.0433071 0.8563272,
-1.1344547 2.0433071 0.8563272,
-1.1676831 2.0433071 0.8594197,
-1.1941874 2.0433071 0.8676929,
-1.2156673 2.0433071 0.8804480,
-1.2333327 2.0433071 0.8978961,
-1.2466169 2.0433071 0.9196118,
-1.2558547 2.0433071 0.9492181,
-1.2587465 2.0433071 0.9822992,
-1.2560705 2.0433071 1.0136457,
-1.2487181 2.0433071 1.0385571,
-1.1361949 2.0472441 1.1021496,
-1.0897429 2.0472441 1.1021496,
-1.1734732 2.0472441 1.0981874,
-1.1994717 2.0472441 1.0890890,
-1.2224776 2.0472441 1.0742268,
-1.2377764 2.0472441 1.0579827,
-1.2487181 2.0472441 1.0385571,
-1.2560705 2.0472441 1.0136457,
-1.2587465 2.0472441 0.9822992,
-1.2558547 2.0472441 0.9492181,
-1.2466169 2.0472441 0.9196118,
-1.2333327 2.0472441 0.8978961,
-1.2156673 2.0472441 0.8804480,
-1.1941874 2.0472441 0.8676929,
-1.1676831 2.0472441 0.8594197,
-1.1344547 2.0472441 0.8563272,
-1.0897429 2.0472441 0.8563272,
-0.9860366 2.0433071 0.8563272,
-0.9860366 2.0433071 0.8217579,
-0.8170331 2.0433071 0.8217579,
-0.8170331 2.0433071 1.1367185,
-0.9783543 2.0433071 1.1367185,
-0.9783543 2.0433071 1.1021496,
-0.8592839 2.0433071 1.1021496,
-0.8592839 2.0433071 0.9984433,
-0.9706724 2.0433071 0.9984433,
-0.9706724 2.0433071 0.9638744,
-0.8592839 2.0433071 0.9638744,
-0.8592839 2.0433071 0.8563272,
-0.7555776 2.0433071 0.8726512,
-0.7555776 2.0433071 0.8380823,
-0.6689154 2.0433071 0.8179173,
-0.6775272 2.0433071 0.8180650,
-0.7220043 2.0433071 0.8242972,
-0.5212776 2.0433071 0.9732972,
-0.5243232 2.0433071 0.9368201,
-0.5338024 2.0433071 0.9034823,
-0.5505811 2.0433071 0.8735343,
-0.5742386 2.0433071 0.8486280,
-0.5995736 2.0433071 0.8324496,
-0.6301008 2.0433071 0.8219417,
-0.6814587 2.0433071 1.1405594,
-0.6498240 2.0433071 1.1379768,
-0.6147118 2.0433071 1.1277764,
-0.5847957 2.0433071 1.1105563,
-0.5563606 2.0433071 1.0832094,
-0.5379000 2.0433071 1.0537626,
-0.5258083 2.0433071 1.0180744,
-0.7191630 2.0433071 1.1379579,
-0.7555776 2.0433071 1.1280764,
-0.7555776 2.0433071 1.0858260,
-0.6818185 2.0433071 1.1059909,
-0.7201004 2.0433071 1.1010173,
-0.5635283 2.0433071 0.9758776,
-0.5650307 2.0433071 1.0003831,
-0.5734260 2.0433071 1.0341008,
-0.5864110 2.0433071 1.0584193,
-0.6054307 2.0433071 1.0794165,
-0.6272307 2.0433071 1.0940000,
-0.6508047 2.0433071 1.1025079,
-0.6747366 2.0433071 0.8524858,
-0.6453598 2.0433071 0.8557811,
-0.6224102 2.0433071 0.8642299,
-0.6030803 2.0433071 0.8772583,
-0.5883008 2.0433071 0.8928512,
-0.5752744 2.0433071 0.9146902,
-0.5667173 2.0433071 0.9417811,
-0.7499327 2.0433071 0.8695244,
-0.7165449 2.0433071 0.8571260,
-0.4943906 2.0433071 0.8563272,
-0.4943906 2.0433071 0.8217579,
-0.3330693 2.0433071 0.8217579,
-0.3330693 2.0433071 1.1367185,
-0.3753201 2.0433071 1.1367185,
-0.3753201 2.0433071 0.8563272,
1.4763780 1.9530547 1.7215787,
1.4763780 1.9330913 1.7473043,
1.4763780 1.9091598 1.7693878,
1.4763780 1.1417323 1.8110244,
1.4763780 1.1417323 1.6929126,
1.4763780 1.7880878 1.8110244,
1.4763780 1.9685039 1.6929126,
1.4763780 1.8205394 1.8083307,
1.4763780 1.8521031 1.8003244,
1.4763780 1.8819154 1.7872236,
0.4921260 1.9685039 1.6929126,
0.4921260 1.1417323 1.6929126,
0.4921260 1.1417323 1.8110244,
0.4921260 1.7880878 1.8110244,
0.4921260 1.8205394 1.8083307,
0.4921260 1.8521031 1.8003244,
0.4921260 1.8819154 1.7872236,
0.4921260 1.9091598 1.7693878,
0.4921260 1.9530547 1.7215787,
0.4921260 1.9330913 1.7473043,
1.2866854 2.0472441 1.1059909,
1.3176992 2.0472441 1.1025079,
1.2185713 2.0472441 0.8695244,
1.1514709 2.0472441 1.1367185,
1.2592134 2.0472441 1.1386390,
1.2493409 2.0472441 1.1379579,
1.2129264 2.0472441 1.1280764,
1.2129264 2.0472441 1.0858260,
1.1514709 2.0472441 0.8217579,
0.9901492 2.0472441 1.1021496,
0.9517398 2.0472441 0.0000000,
0.9517398 2.0472441 1.1386390,
0.9901492 2.0472441 1.1367185,
1.1092201 2.0472441 1.1021496,
1.1092201 2.0472441 0.9984433,
1.2484035 2.0472441 1.1010173,
1.2129264 2.0472441 0.8726512,
1.1092201 2.0472441 0.9638744,
1.1092201 2.0472441 0.8563272,
0.9978315 2.0472441 0.9638744,
0.9824673 2.0472441 0.8563272,
0.9978315 2.0472441 0.9984433,
1.4306039 2.0472441 1.0537626,
1.4121433 2.0472441 1.0832094,
1.5931835 2.0472441 1.1367185,
1.3837083 2.0472441 1.1105563,
1.3537921 2.0472441 1.1277764,
1.9685039 2.0472441 1.1386390,
1.9685039 2.0472441 0.0000000,
1.6354346 2.0472441 0.8217579,
0.9824673 2.0472441 0.8217579,
1.3186803 2.0472441 1.1379768,
1.3105697 2.0472441 1.1386390,
1.6354346 2.0472441 1.1367185,
1.3412732 2.0472441 1.0940000,
1.3630732 2.0472441 1.0794165,
1.3820929 2.0472441 1.0584193,
1.4049756 2.0472441 0.9758776,
1.4017866 2.0472441 0.9417811,
1.3932295 2.0472441 0.9146902,
1.3231445 2.0472441 0.8557811,
1.2937673 2.0472441 0.8524858,
1.3460937 2.0472441 0.8642299,
1.3654236 2.0472441 0.8772583,
1.3802031 2.0472441 0.8928512,
1.2519591 2.0472441 0.8571260,
1.3950780 2.0472441 1.0341008,
1.4034732 2.0472441 1.0003831,
1.5931835 2.0472441 0.8563272,
1.4472264 2.0472441 0.9732972,
1.4426957 2.0472441 1.0180744,
1.3689303 2.0472441 0.8324496,
1.3942654 2.0472441 0.8486280,
1.4741134 2.0472441 0.8217579,
1.4179228 2.0472441 0.8735343,
1.4741134 2.0472441 0.8563272,
1.4347016 2.0472441 0.9034823,
1.4441807 2.0472441 0.9368201,
1.2129264 2.0472441 0.8380823,
1.2464996 2.0472441 0.8242972,
1.2909768 2.0472441 0.8180650,
1.2995886 2.0472441 0.8179173,
1.3384031 2.0472441 0.8219417,
1.9685039 2.0472441 1.8897638,
1.4763780 2.0472441 1.8897638,
1.2870457 2.0472441 1.1405594,
0.9517398 2.0472441 1.8897638,
0.4921260 2.0472441 1.8897638,
0.4381882 2.0472441 0.9101004,
0.5683016 2.0472441 0.9101004,
0.4063201 2.0472441 0.8217579,
0.5983693 2.0472441 0.8217579,
0.3602280 2.0472441 0.8217579,
0.6444610 2.0472441 0.8217579,
0.4831398 2.0472441 1.1367185,
0.5253906 2.0472441 1.1367185,
0.8321291 2.0472441 1.1367185,
0.7866260 2.0472441 1.1318547,
0.7497752 2.0472441 1.1189150,
0.7154945 2.0472441 1.0959406,
0.6832343 2.0472441 0.9080819,
0.7012965 2.0472441 0.8799106,
0.7272205 2.0472441 0.8550886,
0.7601067 2.0472441 0.8359772,
0.7151650 2.0472441 1.0956516,
0.6928925 2.0472441 1.0709547,
0.6782551 2.0472441 1.0438681,
0.7963988 2.0472441 0.8251598,
0.8353697 2.0472441 0.8217579,
0.9210118 2.0472441 0.8217579,
0.9210118 2.0472441 1.1367185,
0.6697957 2.0472441 1.0128354,
0.6675067 2.0472441 0.9831996,
0.6719264 2.0472441 0.9410488,
-0.1967484 1.0629921 0.0000000,
-0.1967484 1.4566929 0.0000000,
0.0000000 1.1547374 0.0000000,
0.0000000 1.3649476 0.0000000,
-0.1967484 -1.6929134 0.0000000,
-0.1967484 -1.2992126 0.0000000,
0.0000000 -1.6011681 0.0000000,
0.0000000 -1.3909579 0.0000000,
1.7716535 1.0629921 0.0000000,
1.1614173 -0.1574803 0.0000000,
1.1614173 0.1574803 0.0000000,
1.7716535 -1.2992126 0.0000000,
1.9685039 1.1547850 0.0000000,
1.9685039 -1.3910055 0.0000000,
1.9685039 -1.6011205 0.0000000,
1.9685039 -2.0866142 0.0000000,
1.7716535 -1.6929134 0.0000000,
0.8070866 -0.1574803 0.0000000,
0.8070866 0.1574803 0.0000000,
1.7716535 1.4566929 0.0000000,
1.9685039 1.3649000 0.0000000,
0.0000000 -1.3909579 2.7559059,
0.0000000 1.1547374 2.7559059,
0.0000000 1.3649476 2.7559059,
0.0000000 -1.6011681 2.7559059,
0.4921260 -1.8897638 0.7874012,
1.4763780 -1.8897638 0.7874012,
0.4921260 -1.6929134 0.7874012,
1.4763780 -1.6929134 0.7874012,
1.4763780 -1.6888890 0.8179705,
1.4763780 -1.6053724 0.9014874,
1.4763780 -1.6338583 0.8896882,
1.4763780 -1.8897638 2.1653539,
1.4763780 -1.6583197 0.8709181,
1.4763780 -1.6770898 0.8464567,
1.4763780 -0.1181102 1.6606882,
1.4763780 -0.1181102 0.9055118,
1.4763780 -1.2992126 1.6606882,
1.4763780 -1.5748031 0.9055118,
1.4763780 -1.4011098 1.6741035,
1.4763780 -1.4960630 1.7134346,
1.4763780 -1.5776012 1.7760004,
1.4763780 -1.6929134 2.1653539,
1.4763780 -1.6929134 2.0543890,
1.4763780 -1.6794984 1.9524917,
1.4763780 -1.6401673 1.8575386,
0.4921260 -1.6929134 2.0543890,
0.4921260 -1.6929134 2.1653539,
0.4921260 -1.8897638 2.1653539,
0.4921260 -1.6338583 0.8896882,
0.4921260 -1.6053724 0.9014874,
0.4921260 -1.6888890 0.8179705,
0.4921260 -1.6770898 0.8464567,
0.4921260 -1.6583197 0.8709181,
0.4921260 -0.1181102 0.9055118,
0.4921260 -0.1181102 1.6606882,
0.4921260 -1.5748031 0.9055118,
0.4921260 -1.2992126 1.6606882,
0.4921260 -1.4011098 1.6741035,
0.4921260 -1.4960630 1.7134346,
0.4921260 -1.5776012 1.7760004,
0.4921260 -1.6401673 1.8575386,
0.4921260 -1.6794984 1.9524917,
1.6274961 -0.3170701 5.4724413,
1.6671413 -0.2090606 5.4724413,
0.5553008 -0.5837791 5.4724413,
1.6860449 -0.1181102 5.4724413,
0.2824587 -0.1181102 5.4724413,
0.3013626 -0.2090606 5.4724413,
0.3410075 -0.3170701 5.4724413,
0.3976083 -0.4172406 5.4724413,
0.4696724 -0.5069315 5.4724413,
0.6522362 -0.6457575 5.4724413,
0.7579232 -0.6912327 5.4724413,
1.4988311 -0.5069315 5.4724413,
1.5708957 -0.4172406 5.4724413,
1.2105807 -0.6912327 5.4724413,
1.3162677 -0.6457575 5.4724413,
1.0989276 -0.7190067 5.4724413,
0.9842520 -0.7283465 5.4724413,
0.8695760 -0.7190067 5.4724413,
1.4132031 -0.5837791 5.4724413,
0.2756193 -0.3608787 5.3937008,
0.3324256 -0.4614130 5.3937008,
0.3340598 -0.4603055 5.4112220,
0.3706583 -0.5089976 5.3937008,
0.4124972 -0.5610701 5.3937008,
0.4139307 -0.5597126 5.4112220,
0.6433579 -0.7273740 5.3937008,
0.7327756 -0.7658492 5.3937008,
0.7334059 -0.7639783 5.4112220,
1.1588736 -0.7849669 5.3937008,
1.2357283 -0.7658492 5.3937008,
1.2350976 -0.7639783 5.4112220,
1.4743437 -0.6343587 5.3937008,
1.5560067 -0.5610701 5.3937008,
1.5545732 -0.5597126 5.4112220,
1.5978453 -0.5089976 5.3937008,
1.6360780 -0.4614130 5.3937008,
1.6344441 -0.4603055 5.4112220,
0.2183547 -0.1945449 5.3937008,
0.2254858 -0.2301024 5.3937008,
0.2273882 -0.2295748 5.4112220,
1.6840256 -0.2137429 5.4704669,
1.7037173 -0.1181102 5.4703386,
1.7048685 -0.1181102 5.4702012,
1.7000630 -0.2181902 5.4646437,
1.7125906 -0.1181102 5.4679201,
1.7264642 -0.2255114 5.4427949,
1.7361091 -0.1181102 5.4548465,
1.7144496 -0.2221799 5.4552622,
1.7294972 -0.1181102 5.4596268,
1.7202791 -0.1181102 5.4641488,
1.7571280 -0.1181102 5.4276409,
1.7537988 -0.1181102 5.4348138,
1.7355039 -0.2280185 5.4278650,
1.7491752 -0.1181102 5.4415047,
1.7480323 -0.1181102 5.4426717,
1.7616067 -0.1181102 5.4179909,
1.7411154 -0.2295748 5.4112220,
1.7634441 -0.1181102 5.4112102,
1.7430177 -0.2301024 5.3937008,
1.7501488 -0.1945449 5.3937008,
1.7654776 -0.1181102 5.3937008,
1.7637079 -0.1181102 5.4102378,
0.2330000 -0.2280185 5.4278650,
0.2069484 -0.1181102 5.4181480,
0.2054217 -0.1181102 5.4111350,
0.2035035 -0.1181102 5.4023252,
0.2030260 -0.1181102 5.3937008,
0.2420398 -0.2255114 5.4427949,
0.2148067 -0.1181102 5.4349791,
0.2113795 -0.1181102 5.4276382,
0.2540543 -0.2221799 5.4552622,
0.2324039 -0.1181102 5.4548539,
0.2193142 -0.1181102 5.4414858,
0.2555906 -0.1181102 5.4678059,
0.2482256 -0.1181102 5.4641520,
0.2684409 -0.2181902 5.4646437,
0.2386933 -0.1181102 5.4594232,
0.2329339 -0.1181102 5.4552382,
0.2630252 -0.1181102 5.4700520,
0.2844783 -0.2137429 5.4704669,
0.2647961 -0.1181102 5.4702697,
1.6434004 -0.3244224 5.4704669,
1.5854000 -0.4270697 5.4704669,
1.6585067 -0.3314067 5.4646437,
1.5991772 -0.4364063 5.4646437,
1.6720583 -0.3376717 5.4552622,
1.6115362 -0.4447815 5.4552622,
1.6833748 -0.3429039 5.4427949,
1.6218575 -0.4517760 5.4427949,
1.6918902 -0.3468406 5.4278650,
1.6296228 -0.4570386 5.4278650,
1.6971760 -0.3492843 5.4112220,
1.3244768 -0.6612366 5.4704669,
1.2161764 -0.7078366 5.4704669,
1.3322740 -0.6759398 5.4646437,
1.2214917 -0.7236075 5.4646437,
1.3392685 -0.6891295 5.4552622,
1.2262598 -0.7377555 5.4552622,
1.3451098 -0.7001445 5.4427949,
1.2302417 -0.7495701 5.4427949,
1.3495051 -0.7084319 5.4278650,
1.2332378 -0.7584598 5.4278650,
1.3522335 -0.7135768 5.4112220,
0.8667409 -0.7362969 5.4704669,
0.7523272 -0.7078366 5.4704669,
0.8640476 -0.7527205 5.4646437,
0.7470122 -0.7236075 5.4646437,
0.8616319 -0.7674531 5.4552622,
0.7422437 -0.7377555 5.4552622,
0.8596142 -0.7797567 5.4427949,
0.7382618 -0.7495701 5.4427949,
0.8580961 -0.7890138 5.4278650,
0.7352657 -0.7584598 5.4278650,
0.8571539 -0.7947606 5.4112220,
0.5446953 -0.5977260 5.4704669,
0.4569496 -0.5189783 5.4704669,
0.5346217 -0.6109736 5.4646437,
0.4448650 -0.5304213 5.4646437,
0.5255846 -0.6228575 5.4552622,
0.4340240 -0.5406862 5.4552622,
0.5180378 -0.6327819 5.4427949,
0.4249709 -0.5492587 5.4427949,
0.5123594 -0.6402492 5.4278650,
0.4181591 -0.5557087 5.4278650,
0.5088346 -0.6448846 5.4112220,
1.6989677 -0.3501126 5.3937008,
1.6928846 -0.3608787 5.3937008,
1.5115539 -0.5189783 5.4704669,
1.5236390 -0.5304213 5.4646437,
1.5344795 -0.5406862 5.4552622,
1.5435331 -0.5492587 5.4427949,
1.5503445 -0.5557087 5.4278650,
1.4608638 -0.6464563 5.3937008,
1.4596689 -0.6448846 5.4112220,
1.4561441 -0.6402492 5.4278650,
1.4504657 -0.6327819 5.4427949,
1.4429193 -0.6228575 5.4552622,
1.4338823 -0.6109736 5.4646437,
1.4238087 -0.5977260 5.4704669,
1.3531583 -0.7153209 5.3937008,
1.3251461 -0.7273740 5.3937008,
1.1116693 -0.7967091 5.3937008,
1.1113500 -0.7947606 5.4112220,
1.1104075 -0.7890138 5.4278650,
1.1088894 -0.7797567 5.4427949,
1.1068720 -0.7674531 5.4552622,
1.1044559 -0.7527205 5.4646437,
1.1017630 -0.7362969 5.4704669,
0.9842520 -0.7458677 5.4704669,
0.9842520 -0.7625106 5.4646437,
0.9842520 -0.7774402 5.4552622,
0.9842520 -0.7899079 5.4427949,
0.9842520 -0.7992890 5.4278650,
0.9842520 -0.8051126 5.4112220,
0.9842520 -0.8070866 5.3937008,
0.8568343 -0.7967091 5.3937008,
0.8096299 -0.7849669 5.3937008,
0.6153457 -0.7153209 5.3937008,
0.6162705 -0.7135768 5.4112220,
0.6189988 -0.7084319 5.4278650,
0.6233937 -0.7001445 5.4427949,
0.6292354 -0.6891295 5.4552622,
0.6362299 -0.6759398 5.4646437,
0.6440272 -0.6612366 5.4704669,
0.5076398 -0.6464563 5.3937008,
0.4941602 -0.6343587 5.3937008,
0.3388807 -0.4570386 5.4278650,
0.3466465 -0.4517760 5.4427949,
0.3569677 -0.4447815 5.4552622,
0.3693264 -0.4364063 5.4646437,
0.3831039 -0.4270697 5.4704669,
0.2695358 -0.3501126 5.3937008,
0.2713280 -0.3492843 5.4112220,
0.2766138 -0.3468406 5.4278650,
0.2851287 -0.3429039 5.4427949,
0.2964457 -0.3376717 5.4552622,
0.3099972 -0.3314067 5.4646437,
0.3251035 -0.3244224 5.4704669,
1.9685039 -1.6011205 2.7559059,
1.9685039 -1.3910055 2.7559059,
1.9685039 1.0800933 5.5511811,
1.9685039 -2.0866142 2.7952756,
1.9685039 1.0973835 5.5492594,
1.9685039 1.1547850 2.7559059,
1.9685039 1.3649000 2.7559059,
1.9685039 1.1565307 5.4913441,
1.9685039 -1.9881890 2.9657535,
1.9685039 -2.0289579 2.9344697,
1.9685039 -1.1970882 5.4934551,
1.9685039 -1.8897638 2.9921260,
1.9685039 -1.9407126 2.9854185,
1.9685039 -2.0602413 2.8937016,
1.9685039 -2.0799067 2.8462240,
1.9685039 1.1505138 5.5076685,
1.9685039 1.1410598 5.5222720,
1.9685039 1.1286295 5.5344429,
1.9685039 1.1138299 5.5435878,
1.9685039 -1.1212039 5.5511811,
1.9685039 -1.1414563 5.5485323,
1.9685039 -1.1603457 5.5407634,
1.9685039 -1.1766020 5.5283972,
1.9685039 -1.1891303 5.5122657,
1.7125984 -2.0866142 2.6377953,
0.2559055 -2.0866142 2.6377953,
0.2559055 -2.0866142 0.6299217,
1.7125984 -2.0866142 0.6299217,
1.8110236 -0.0196850 5.5511811,
1.7902945 -0.2036591 5.5511811,
1.7291472 -0.3784079 5.5511811,
0.6255291 -0.7645807 5.5511811,
0.4687681 -0.6660811 5.5511811,
0.3378559 -0.5351689 5.5511811,
0.2393563 -0.3784079 5.5511811,
1.6306480 -0.5351689 5.5511811,
1.4997354 -0.6660811 5.5511811,
1.3429748 -0.7645807 5.5511811,
1.1682260 -0.8257280 5.5511811,
0.9842520 -0.8464567 5.5511811,
0.8002780 -0.8257280 5.5511811,
0.1782091 -0.2036591 5.5511811,
0.1574803 -0.0196850 5.5511811,
0.1782091 0.1642890 5.5511811,
0.2393563 0.3390378 5.5511811,
1.6306480 0.4957984 5.5511811,
1.4997354 0.6267110 5.5511811,
1.3429748 0.7252106 5.5511811,
1.7291472 0.3390378 5.5511811,
1.7902945 0.1642890 5.5511811,
0.3378559 0.4957984 5.5511811,
0.4687681 0.6267110 5.5511811,
0.6255291 0.7252106 5.5511811,
0.8002780 0.7863575 5.5511811,
0.9842520 0.8070866 5.5511811,
1.1682260 0.7863575 5.5511811,
1.4763780 1.5748031 3.8000689,
0.4921260 1.5748031 3.8000689,
1.4763780 1.5748031 2.4803150,
1.4763780 1.9685039 1.8897638,
1.4763780 1.3779528 1.8897638,
1.4763780 1.1417323 1.8897638,
0.4921260 1.5748031 2.4803150,
0.4921260 1.1417323 1.8897638,
0.4921260 1.3779528 1.8897638,
0.4921260 1.9685039 1.8897638,
1.8110236 -0.0196850 5.1574803,
1.7902945 0.1642890 5.1574803,
1.7291472 0.3390378 5.1574803,
1.6306480 0.4957984 5.1574803,
1.4997354 0.6267110 5.1574803,
1.3429748 0.7252106 5.1574803,
1.1682260 0.7863575 5.1574803,
0.9842520 0.8070866 5.1574803,
0.8002780 0.7863575 5.1574803,
0.6255291 0.7252106 5.1574803,
0.4687681 0.6267110 5.1574803,
0.3378559 0.4957984 5.1574803,
0.2393563 0.3390378 5.1574803,
0.1782091 0.1642890 5.1574803,
0.1574803 -0.0196850 5.1574803,
0.1782091 -0.2036591 5.1574803,
0.2393563 -0.3784079 5.1574803,
0.3378559 -0.5351689 5.1574803,
0.4687681 -0.6660811 5.1574803,
0.6255291 -0.7645807 5.1574803,
0.8002780 -0.8257280 5.1574803,
0.9842520 -0.8464567 5.1574803,
1.1682260 -0.8257280 5.1574803,
1.3429748 -0.7645807 5.1574803,
1.4997354 -0.6660811 5.1574803,
1.6306480 -0.5351689 5.1574803,
1.7291472 -0.3784079 5.1574803,
1.7902945 -0.2036591 5.1574803,
0.2165921 0.1555283 5.1574803,
0.1968504 -0.0196850 5.1574803,
0.2165921 -0.1948984 5.1574803,
0.2748276 -0.3613260 5.1574803,
0.3686366 -0.5106220 5.1574803,
0.4933150 -0.6353004 5.1574803,
0.6426110 -0.7291094 5.1574803,
0.8090386 -0.7873449 5.1574803,
0.9842520 -0.8070866 5.1574803,
1.1594654 -0.7873449 5.1574803,
1.3258929 -0.7291094 5.1574803,
1.4751890 -0.6353004 5.1574803,
1.5998673 -0.5106220 5.1574803,
1.6936760 -0.3613260 5.1574803,
1.7519118 -0.1948984 5.1574803,
1.7716535 -0.0196850 5.1574803,
1.7519118 0.1555283 5.1574803,
1.6936760 0.3219555 5.1574803,
1.5998673 0.4712516 5.1574803,
1.4751890 0.5959303 5.1574803,
1.3258929 0.6897394 5.1574803,
1.1594654 0.7479748 5.1574803,
0.9842520 0.7677165 5.1574803,
0.8090386 0.7479748 5.1574803,
0.6426110 0.6897394 5.1574803,
0.4933150 0.5959303 5.1574803,
0.3686366 0.4712516 5.1574803,
0.2748276 0.3219555 5.1574803,
1.7654776 -0.1181102 5.3149610,
1.7716535 -0.0196850 5.3149610,
1.7654776 0.0787402 5.3149610,
1.7654776 0.0787402 5.3937008,
1.7501488 0.1551748 5.3937008,
0.2030260 0.0787402 5.3937008,
0.2183547 0.1551748 5.3937008,
0.2030260 0.0787402 5.3149610,
0.1968504 -0.0196850 5.3149610,
0.2030260 -0.1181102 5.3149610,
1.7430177 0.1907319 5.3937008,
1.6989677 0.3107425 5.3937008,
1.6360780 0.4220429 5.3937008,
1.6928846 0.3215083 5.3937008,
1.5560067 0.5217000 5.3937008,
1.5978453 0.4696276 5.3937008,
1.3251461 0.6880039 5.3937008,
1.3531583 0.6759508 5.3937008,
1.4608638 0.6070862 5.3937008,
1.4743437 0.5949886 5.3937008,
1.2357283 0.7264791 5.3937008,
1.1588736 0.7455969 5.3937008,
1.1116693 0.7573386 5.3937008,
0.9842520 0.7677165 5.3937008,
0.8568343 0.7573386 5.3937008,
0.8096299 0.7455969 5.3937008,
0.7327756 0.7264791 5.3937008,
0.6433579 0.6880039 5.3937008,
0.6153457 0.6759508 5.3937008,
0.5076398 0.6070862 5.3937008,
0.4124972 0.5217000 5.3937008,
0.4941602 0.5949886 5.3937008,
0.3324256 0.4220429 5.3937008,
0.3706583 0.4696276 5.3937008,
0.2254858 0.1907319 5.3937008,
0.2695358 0.3107425 5.3937008,
0.2756193 0.3215083 5.3937008,
0.2824587 0.0787402 5.4724413,
1.6860449 0.0787402 5.4724413,
0.3013626 0.1696902 5.4724413,
1.6671413 0.1696902 5.4724413,
1.6274961 0.2776996 5.4724413,
1.5708957 0.3778701 5.4724413,
1.4988311 0.4675614 5.4724413,
1.4132031 0.5444091 5.4724413,
1.0989276 0.6796362 5.4724413,
0.9842520 0.6889764 5.4724413,
0.5553008 0.5444091 5.4724413,
0.4696724 0.4675614 5.4724413,
0.3976083 0.3778701 5.4724413,
1.3162677 0.6063874 5.4724413,
1.2105807 0.6518626 5.4724413,
0.8695760 0.6796362 5.4724413,
0.7579232 0.6518626 5.4724413,
0.3410075 0.2776996 5.4724413,
0.6522362 0.6063874 5.4724413,
1.6338575 0.4205378 5.4140803,
1.5540583 0.5198551 5.4140803,
1.2348713 0.7239366 5.4140803,
0.7336323 0.7239366 5.4140803,
1.7348535 0.0787402 5.4558354,
1.7418346 0.0787402 5.4489862,
1.7207941 0.1845689 5.4493787,
1.7404323 0.1900150 5.4140803,
1.7632339 0.0787402 5.4122929,
1.7654772 0.0787402 5.3939315,
1.7527598 0.0787402 5.4364524,
1.7545110 0.0787402 5.4329087,
1.7328524 0.1879130 5.4330709,
1.7609917 0.0787402 5.4197976,
1.7627055 0.0787402 5.4140598,
1.7482142 0.0787402 5.4427272,
1.7285161 0.0787402 5.4602516,
1.7050795 0.1802110 5.4618921,
1.7256429 0.0787402 5.4616091,
1.7114528 0.0787402 5.4683102,
1.6867795 0.1751362 5.4697575,
1.7065941 0.0787402 5.4696756,
1.7039713 0.0787402 5.4704122,
0.2807906 0.0787402 5.4724232,
0.2817240 0.1751362 5.4697575,
0.2620220 0.0787402 5.4697941,
0.2634240 0.1802110 5.4618921,
0.2543130 0.0787402 5.4673386,
0.2618878 0.0787402 5.4697508,
0.2266461 0.0787402 5.4490378,
0.2310858 0.0787402 5.4537701,
0.2477094 0.1845689 5.4493787,
0.2375957 0.0787402 5.4586917,
0.2429516 0.0787402 5.4614618,
0.2183150 0.0787402 5.4401591,
0.2356516 0.1879130 5.4330709,
0.2138378 0.0787402 5.4333752,
0.2069484 0.0787402 5.4181480,
0.2280713 0.1900150 5.4140803,
0.2061094 0.0787402 5.4140043,
0.2032846 0.0787402 5.4000492,
0.3225094 0.2862520 5.4697575,
0.3807378 0.3893031 5.4697575,
0.3052717 0.2942213 5.4618921,
0.3650169 0.3999567 5.4618921,
0.2904697 0.3010646 5.4493787,
0.3515173 0.4091051 5.4493787,
0.2791114 0.3063157 5.4330709,
0.3411583 0.4161252 5.4330709,
0.2719713 0.3096165 5.4140803,
0.3346465 0.4205378 5.4140803,
0.6426882 0.6243917 5.4697575,
0.7514146 0.6711748 5.4697575,
0.6337909 0.6411689 5.4618921,
0.7453492 0.6891709 5.4618921,
0.6261504 0.6555760 5.4493787,
0.7401409 0.7046244 5.4493787,
0.6202878 0.6666311 5.4330709,
0.7361449 0.7164823 5.4330709,
0.6166024 0.6735807 5.4140803,
1.1022256 0.6997472 5.4697575,
1.2170894 0.6711748 5.4697575,
1.1052984 0.7184878 5.4618921,
1.2231543 0.6891709 5.4618921,
1.1079374 0.7345803 5.4493787,
1.2283626 0.7046244 5.4493787,
1.1099622 0.7469287 5.4330709,
1.2323591 0.7164823 5.4330709,
1.1112350 0.7546909 5.4140803,
1.4255386 0.5606311 5.4697575,
1.5136295 0.4815736 5.4697575,
1.4370335 0.5757476 5.4618921,
1.5274189 0.4946307 5.4618921,
1.4469043 0.5887283 5.4493787,
1.5392606 0.5058429 5.4493787,
1.4544787 0.5986890 5.4330709,
1.5483465 0.5144469 5.4330709,
1.4592402 0.6049504 5.4140803,
0.4144453 0.5198551 5.4140803,
0.4201571 0.5144469 5.4330709,
0.4292433 0.5058429 5.4493787,
0.4410846 0.4946307 5.4618921,
0.4548744 0.4815736 5.4697575,
0.5092638 0.6049504 5.4140803,
0.5140252 0.5986890 5.4330709,
0.5215992 0.5887283 5.4493787,
0.5314705 0.5757476 5.4618921,
0.5429654 0.5606311 5.4697575,
0.8572685 0.7546909 5.4140803,
0.8585413 0.7469287 5.4330709,
0.8605661 0.7345803 5.4493787,
0.8632051 0.7184878 5.4618921,
0.8662783 0.6997472 5.4697575,
0.9842520 0.7093559 5.4697575,
0.9842520 0.7283465 5.4618921,
0.9842520 0.7446539 5.4493787,
0.9842520 0.7571673 5.4330709,
0.9842520 0.7650335 5.4140803,
1.3519012 0.6735807 5.4140803,
1.3482157 0.6666311 5.4330709,
1.3423531 0.6555760 5.4493787,
1.3347130 0.6411689 5.4618921,
1.3258157 0.6243917 5.4697575,
1.6273453 0.4161252 5.4330709,
1.6169866 0.4091051 5.4493787,
1.6034870 0.3999567 5.4618921,
1.5877661 0.3893031 5.4697575,
1.6965323 0.3096165 5.4140803,
1.6893925 0.3063157 5.4330709,
1.6780343 0.3010646 5.4493787,
1.6632319 0.2942213 5.4618921,
1.6459945 0.2862520 5.4697575,
1.7716535 -1.2992126 2.7559059,
1.7716535 -1.6929134 2.7559059,
1.7716535 1.4566929 2.7559059,
1.7716535 1.0629921 2.7559059,
-0.1967484 -1.2992126 2.7559059,
-0.1967484 -1.6929134 2.7559059,
-0.1967484 1.4566929 2.7559059,
-0.1967484 1.0629921 2.7559059,
0.8070866 -0.1574803 -1.2598425,
0.8070866 0.1574803 -1.2598425,
1.0467811 0.1574803 -1.5748031,
0.9217228 0.1574803 -1.5748031,
1.1614173 0.1574803 -1.2598425,
1.1614173 -0.1574803 -1.2598425,
1.0467811 -0.1574803 -1.5748031,
0.9217228 -0.1574803 -1.5748031,
0.4831398 2.0433071 1.1367185,
0.3602280 2.0433071 0.8217579,
0.4063201 2.0433071 0.8217579,
0.4381882 2.0433071 0.9101004,
0.5683016 2.0433071 0.9101004,
0.5983693 2.0433071 0.8217579,
0.6444610 2.0433071 0.8217579,
0.5253906 2.0433071 1.1367185,
0.5576787 2.0433071 0.9446697,
0.5106866 2.0433071 1.0762232,
0.5076555 2.0433071 1.0871465,
0.5056453 2.0433071 1.0983091,
0.5046252 2.0433071 1.0983091,
0.5025697 2.0433071 1.0871803,
0.4997638 2.0433071 1.0762232,
0.4523516 2.0433071 0.9446697,
0.5576787 2.0472441 0.9446697,
0.4523516 2.0472441 0.9446697,
0.5106866 2.0472441 1.0762232,
0.5076555 2.0472441 1.0871465,
0.5056453 2.0472441 1.0983091,
0.5046252 2.0472441 1.0983091,
0.5025697 2.0472441 1.0871803,
0.4997638 2.0472441 1.0762232,
0.8353697 2.0433071 0.8217579,
0.9210118 2.0433071 0.8217579,
0.9210118 2.0433071 1.1367185,
0.8321291 2.0433071 1.1367185,
0.6675067 2.0433071 0.9831996,
0.6697957 2.0433071 1.0128354,
0.6782551 2.0433071 1.0438681,
0.6928925 2.0433071 1.0709547,
0.7151650 2.0433071 1.0956516,
0.7154945 2.0433071 1.0959406,
0.7497752 2.0433071 1.1189150,
0.7866260 2.0433071 1.1318547,
0.7963988 2.0433071 0.8251598,
0.7601067 2.0433071 0.8359772,
0.7272205 2.0433071 0.8550886,
0.7012965 2.0433071 0.8799106,
0.6832343 2.0433071 0.9080819,
0.6719264 2.0433071 0.9410488,
0.7307276 2.0433071 1.0579827,
0.7460264 2.0433071 1.0742268,
0.7690327 2.0433071 1.0890890,
0.7950307 2.0433071 1.0981874,
0.8323091 2.0433071 1.1021496,
0.8787610 2.0433071 1.1021496,
0.8787610 2.0433071 0.8563272,
0.8340496 2.0433071 0.8563272,
0.8008209 2.0433071 0.8594197,
0.7743165 2.0433071 0.8676929,
0.7528366 2.0433071 0.8804480,
0.7351713 2.0433071 0.8978961,
0.7218870 2.0433071 0.9196118,
0.7126492 2.0433071 0.9492181,
0.7097575 2.0433071 0.9822992,
0.7124335 2.0433071 1.0136457,
0.7197858 2.0433071 1.0385571,
0.8323091 2.0472441 1.1021496,
0.8787610 2.0472441 1.1021496,
0.7950307 2.0472441 1.0981874,
0.7690327 2.0472441 1.0890890,
0.7460264 2.0472441 1.0742268,
0.7307276 2.0472441 1.0579827,
0.7197858 2.0472441 1.0385571,
0.7124335 2.0472441 1.0136457,
0.7097575 2.0472441 0.9822992,
0.7126492 2.0472441 0.9492181,
0.7218870 2.0472441 0.9196118,
0.7351713 2.0472441 0.8978961,
0.7528366 2.0472441 0.8804480,
0.7743165 2.0472441 0.8676929,
0.8008209 2.0472441 0.8594197,
0.8340496 2.0472441 0.8563272,
0.8787610 2.0472441 0.8563272,
0.9824673 2.0433071 0.8563272,
0.9824673 2.0433071 0.8217579,
1.1514709 2.0433071 0.8217579,
1.1514709 2.0433071 1.1367185,
0.9901492 2.0433071 1.1367185,
0.9901492 2.0433071 1.1021496,
1.1092201 2.0433071 1.1021496,
1.1092201 2.0433071 0.9984433,
0.9978315 2.0433071 0.9984433,
0.9978315 2.0433071 0.9638744,
1.1092201 2.0433071 0.9638744,
1.1092201 2.0433071 0.8563272,
1.2129264 2.0433071 0.8726512,
1.2129264 2.0433071 0.8380823,
1.2995886 2.0433071 0.8179173,
1.2909768 2.0433071 0.8180650,
1.2464996 2.0433071 0.8242972,
1.4472264 2.0433071 0.9732972,
1.4441807 2.0433071 0.9368201,
1.4347016 2.0433071 0.9034823,
1.4179228 2.0433071 0.8735343,
1.3942654 2.0433071 0.8486280,
1.3689303 2.0433071 0.8324496,
1.3384031 2.0433071 0.8219417,
1.2870457 2.0433071 1.1405594,
1.3186803 2.0433071 1.1379768,
1.3537921 2.0433071 1.1277764,
1.3837083 2.0433071 1.1105563,
1.4121433 2.0433071 1.0832094,
1.4306039 2.0433071 1.0537626,
1.4426957 2.0433071 1.0180744,
1.2493409 2.0433071 1.1379579,
1.2129264 2.0433071 1.1280764,
1.2129264 2.0433071 1.0858260,
1.2866854 2.0433071 1.1059909,
1.2484035 2.0433071 1.1010173,
1.4049756 2.0433071 0.9758776,
1.4034732 2.0433071 1.0003831,
1.3950780 2.0433071 1.0341008,
1.3820929 2.0433071 1.0584193,
1.3630732 2.0433071 1.0794165,
1.3412732 2.0433071 1.0940000,
1.3176992 2.0433071 1.1025079,
1.2937673 2.0433071 0.8524858,
1.3231445 2.0433071 0.8557811,
1.3460937 2.0433071 0.8642299,
1.3654236 2.0433071 0.8772583,
1.3802031 2.0433071 0.8928512,
1.3932295 2.0433071 0.9146902,
1.4017866 2.0433071 0.9417811,
1.2185713 2.0433071 0.8695244,
1.2519591 2.0433071 0.8571260,
1.4741134 2.0433071 0.8563272,
1.4741134 2.0433071 0.8217579,
1.6354346 2.0433071 0.8217579,
1.6354346 2.0433071 1.1367185,
1.5931835 2.0433071 1.1367185,
1.5931835 2.0433071 0.8563272,
] } coordIndex [
0, 1, 2, -1,
3, 4, 5, -1,
5, 4, 6, -1,
5, 6, 7, -1,
7, 6, 8, -1,
0, 2, 6, -1,
6, 2, 9, -1,
6, 9, 8, -1,
10, 11, 12, -1,
12, 13, 10, -1,
10, 13, 14, -1,
10, 14, 15, -1,
15, 16, 10, -1,
10, 16, 17, -1,
10, 17, 18, -1,
18, 17, 19, -1,
3, 12, 4, -1,
4, 12, 11, -1,
13, 12, 5, -1,
5, 12, 3, -1,
11, 10, 4, -1,
4, 10, 6, -1,
13, 5, 7, -1,
13, 7, 14, -1,
14, 7, 8, -1,
14, 8, 15, -1,
15, 8, 9, -1,
15, 9, 16, -1,
16, 9, 2, -1,
16, 2, 17, -1,
17, 2, 1, -1,
17, 1, 19, -1,
19, 1, 0, -1,
19, 0, 18, -1,
18, 0, 6, -1,
18, 6, 10, -1,
201, 202, 203, -1,
203, 202, 204, -1,
203, 204, 205, -1,
206, 207, 203, -1,
203, 207, 208, -1,
203, 208, 209, -1,
210, 211, 212, -1,
205, 213, 203, -1,
203, 213, 214, -1,
203, 214, 206, -1,
210, 212, 208, -1,
208, 212, 215, -1,
208, 215, 209, -1,
211, 216, 212, -1,
212, 216, 217, -1,
212, 217, 218, -1,
218, 217, 219, -1,
220, 221, 222, -1,
223, 224, 225, -1,
226, 227, 228, -1,
229, 230, 231, -1,
232, 233, 234, -1,
235, 236, 237, -1,
238, 239, 240, -1,
203, 241, 201, -1,
201, 241, 242, -1,
242, 241, 243, -1,
243, 241, 244, -1,
243, 244, 245, -1,
246, 247, 248, -1,
248, 247, 249, -1,
248, 249, 244, -1,
244, 249, 250, -1,
244, 250, 245, -1,
251, 252, 253, -1,
253, 252, 254, -1,
253, 254, 246, -1,
246, 254, 255, -1,
246, 255, 247, -1,
251, 253, 256, -1,
256, 253, 257, -1,
256, 257, 258, -1,
257, 259, 260, -1,
260, 261, 257, -1,
257, 261, 262, -1,
257, 262, 258, -1,
263, 264, 240, -1,
240, 264, 265, -1,
240, 265, 238, -1,
238, 265, 266, -1,
238, 266, 267, -1,
268, 269, 263, -1,
263, 269, 270, -1,
263, 270, 264, -1,
271, 272, 268, -1,
268, 272, 273, -1,
268, 273, 269, -1,
274, 275, 276, -1,
276, 275, 277, -1,
276, 277, 271, -1,
271, 277, 278, -1,
271, 278, 272, -1,
274, 276, 279, -1,
279, 276, 280, -1,
279, 280, 281, -1,
281, 280, 204, -1,
281, 204, 202, -1,
209, 215, 282, -1,
282, 215, 283, -1,
282, 283, 284, -1,
284, 283, 285, -1,
284, 285, 286, -1,
286, 285, 287, -1,
286, 287, 288, -1,
288, 287, 289, -1,
288, 289, 290, -1,
290, 289, 291, -1,
290, 291, 292, -1,
292, 291, 237, -1,
219, 217, 293, -1,
293, 217, 294, -1,
293, 294, 295, -1,
295, 294, 296, -1,
295, 296, 297, -1,
297, 296, 298, -1,
297, 298, 299, -1,
299, 298, 300, -1,
299, 300, 301, -1,
301, 300, 302, -1,
301, 302, 303, -1,
303, 302, 231, -1,
210, 208, 304, -1,
304, 208, 305, -1,
304, 305, 306, -1,
306, 305, 307, -1,
306, 307, 308, -1,
308, 307, 309, -1,
308, 309, 310, -1,
310, 309, 311, -1,
310, 311, 312, -1,
312, 311, 313, -1,
312, 313, 314, -1,
314, 313, 228, -1,
206, 214, 315, -1,
315, 214, 316, -1,
315, 316, 317, -1,
317, 316, 318, -1,
317, 318, 319, -1,
319, 318, 320, -1,
319, 320, 321, -1,
321, 320, 322, -1,
321, 322, 323, -1,
323, 322, 324, -1,
323, 324, 325, -1,
325, 324, 225, -1,
203, 209, 241, -1,
241, 209, 282, -1,
241, 282, 244, -1,
244, 282, 284, -1,
244, 284, 248, -1,
248, 284, 286, -1,
248, 286, 246, -1,
246, 286, 288, -1,
246, 288, 253, -1,
253, 288, 290, -1,
253, 290, 257, -1,
257, 290, 292, -1,
257, 292, 259, -1,
259, 292, 326, -1,
237, 236, 292, -1,
292, 236, 327, -1,
292, 327, 326, -1,
215, 212, 283, -1,
283, 212, 328, -1,
283, 328, 285, -1,
285, 328, 329, -1,
285, 329, 287, -1,
287, 329, 330, -1,
287, 330, 289, -1,
289, 330, 331, -1,
289, 331, 291, -1,
291, 331, 332, -1,
291, 332, 237, -1,
237, 332, 234, -1,
237, 234, 235, -1,
235, 234, 233, -1,
333, 232, 334, -1,
334, 232, 234, -1,
334, 234, 335, -1,
335, 234, 332, -1,
335, 332, 336, -1,
336, 332, 331, -1,
336, 331, 337, -1,
337, 331, 330, -1,
337, 330, 338, -1,
338, 330, 329, -1,
338, 329, 339, -1,
339, 329, 328, -1,
339, 328, 218, -1,
218, 328, 212, -1,
218, 219, 339, -1,
339, 219, 293, -1,
339, 293, 338, -1,
338, 293, 295, -1,
338, 295, 337, -1,
337, 295, 297, -1,
337, 297, 336, -1,
336, 297, 299, -1,
336, 299, 335, -1,
335, 299, 301, -1,
335, 301, 334, -1,
334, 301, 303, -1,
334, 303, 333, -1,
333, 303, 340, -1,
231, 230, 303, -1,
303, 230, 341, -1,
303, 341, 340, -1,
342, 229, 343, -1,
343, 229, 231, -1,
343, 231, 344, -1,
344, 231, 302, -1,
344, 302, 345, -1,
345, 302, 300, -1,
345, 300, 346, -1,
346, 300, 298, -1,
346, 298, 347, -1,
347, 298, 296, -1,
347, 296, 348, -1,
348, 296, 294, -1,
348, 294, 216, -1,
216, 294, 217, -1,
216, 211, 348, -1,
348, 211, 349, -1,
348, 349, 347, -1,
347, 349, 350, -1,
347, 350, 346, -1,
346, 350, 351, -1,
346, 351, 345, -1,
345, 351, 352, -1,
345, 352, 344, -1,
344, 352, 353, -1,
344, 353, 343, -1,
343, 353, 354, -1,
343, 354, 342, -1,
342, 354, 355, -1,
211, 210, 349, -1,
349, 210, 304, -1,
349, 304, 350, -1,
350, 304, 306, -1,
350, 306, 351, -1,
351, 306, 308, -1,
351, 308, 352, -1,
352, 308, 310, -1,
352, 310, 353, -1,
353, 310, 312, -1,
353, 312, 354, -1,
354, 312, 314, -1,
354, 314, 355, -1,
355, 314, 356, -1,
228, 227, 314, -1,
314, 227, 357, -1,
314, 357, 356, -1,
358, 226, 359, -1,
359, 226, 228, -1,
359, 228, 360, -1,
360, 228, 313, -1,
360, 313, 361, -1,
361, 313, 311, -1,
361, 311, 362, -1,
362, 311, 309, -1,
362, 309, 363, -1,
363, 309, 307, -1,
363, 307, 364, -1,
364, 307, 305, -1,
364, 305, 207, -1,
207, 305, 208, -1,
207, 206, 364, -1,
364, 206, 315, -1,
364, 315, 363, -1,
363, 315, 317, -1,
363, 317, 362, -1,
362, 317, 319, -1,
362, 319, 361, -1,
361, 319, 321, -1,
361, 321, 360, -1,
360, 321, 323, -1,
360, 323, 359, -1,
359, 323, 325, -1,
359, 325, 358, -1,
358, 325, 365, -1,
225, 224, 325, -1,
325, 224, 366, -1,
325, 366, 365, -1,
221, 223, 222, -1,
222, 223, 225, -1,
222, 225, 367, -1,
367, 225, 324, -1,
367, 324, 368, -1,
368, 324, 322, -1,
368, 322, 369, -1,
369, 322, 320, -1,
369, 320, 370, -1,
370, 320, 318, -1,
370, 318, 371, -1,
371, 318, 316, -1,
371, 316, 213, -1,
213, 316, 214, -1,
372, 220, 373, -1,
373, 220, 222, -1,
373, 222, 374, -1,
374, 222, 367, -1,
374, 367, 375, -1,
375, 367, 368, -1,
375, 368, 376, -1,
376, 368, 369, -1,
376, 369, 377, -1,
377, 369, 370, -1,
377, 370, 378, -1,
378, 370, 371, -1,
378, 371, 205, -1,
205, 371, 213, -1,
205, 204, 378, -1,
378, 204, 280, -1,
378, 280, 377, -1,
377, 280, 276, -1,
377, 276, 376, -1,
376, 276, 271, -1,
376, 271, 375, -1,
375, 271, 268, -1,
375, 268, 374, -1,
374, 268, 263, -1,
374, 263, 373, -1,
373, 263, 240, -1,
373, 240, 372, -1,
372, 240, 239, -1,
501, 490, 502, -1,
502, 490, 491, -1,
502, 491, 503, -1,
503, 491, 492, -1,
503, 492, 504, -1,
504, 492, 505, -1,
506, 507, 508, -1,
508, 507, 476, -1,
508, 476, 509, -1,
509, 476, 477, -1,
509, 477, 510, -1,
510, 477, 478, -1,
510, 478, 267, -1,
267, 478, 238, -1,
479, 372, 478, -1,
478, 372, 239, -1,
478, 239, 238, -1,
480, 221, 479, -1,
479, 221, 220, -1,
479, 220, 372, -1,
481, 224, 480, -1,
480, 224, 223, -1,
480, 223, 221, -1,
226, 358, 482, -1,
482, 358, 365, -1,
482, 365, 481, -1,
481, 365, 366, -1,
481, 366, 224, -1,
226, 482, 227, -1,
227, 482, 483, -1,
227, 483, 357, -1,
357, 483, 356, -1,
356, 483, 484, -1,
356, 484, 355, -1,
355, 484, 342, -1,
342, 484, 485, -1,
342, 485, 229, -1,
229, 485, 230, -1,
230, 485, 486, -1,
230, 486, 341, -1,
341, 486, 340, -1,
340, 486, 487, -1,
340, 487, 333, -1,
488, 233, 487, -1,
487, 233, 232, -1,
487, 232, 333, -1,
326, 327, 489, -1,
489, 327, 236, -1,
489, 236, 488, -1,
488, 236, 235, -1,
488, 235, 233, -1,
326, 489, 259, -1,
259, 489, 490, -1,
259, 490, 260, -1,
260, 490, 501, -1,
260, 501, 261, -1,
505, 492, 511, -1,
511, 492, 493, -1,
511, 493, 512, -1,
494, 513, 493, -1,
493, 513, 514, -1,
493, 514, 512, -1,
495, 515, 494, -1,
494, 515, 516, -1,
494, 516, 513, -1,
517, 518, 496, -1,
496, 518, 519, -1,
496, 519, 495, -1,
495, 519, 520, -1,
495, 520, 515, -1,
517, 496, 521, -1,
521, 496, 497, -1,
521, 497, 522, -1,
522, 497, 523, -1,
523, 497, 498, -1,
523, 498, 524, -1,
524, 498, 525, -1,
525, 498, 499, -1,
525, 499, 526, -1,
526, 499, 527, -1,
527, 499, 500, -1,
527, 500, 528, -1,
528, 500, 529, -1,
529, 500, 473, -1,
529, 473, 530, -1,
474, 531, 473, -1,
473, 531, 532, -1,
473, 532, 530, -1,
475, 533, 474, -1,
474, 533, 534, -1,
474, 534, 531, -1,
507, 535, 476, -1,
476, 535, 536, -1,
476, 536, 475, -1,
475, 536, 537, -1,
475, 537, 533, -1,
538, 539, 540, -1,
540, 539, 541, -1,
540, 541, 542, -1,
543, 544, 545, -1,
543, 545, 546, -1,
538, 540, 545, -1,
545, 540, 547, -1,
545, 547, 546, -1,
544, 548, 545, -1,
545, 548, 549, -1,
545, 549, 550, -1,
550, 551, 545, -1,
545, 551, 552, -1,
545, 552, 553, -1,
553, 554, 545, -1,
545, 554, 555, -1,
545, 555, 556, -1,
514, 513, 557, -1,
516, 515, 558, -1,
517, 521, 559, -1,
526, 527, 560, -1,
561, 562, 563, -1,
505, 511, 564, -1,
564, 565, 505, -1,
505, 565, 566, -1,
505, 566, 504, -1,
567, 568, 569, -1,
569, 568, 570, -1,
569, 570, 564, -1,
564, 570, 571, -1,
564, 571, 565, -1,
563, 562, 569, -1,
569, 562, 572, -1,
569, 572, 567, -1,
561, 563, 573, -1,
573, 563, 574, -1,
573, 574, 575, -1,
575, 574, 576, -1,
576, 574, 577, -1,
576, 577, 578, -1,
578, 577, 579, -1,
579, 577, 540, -1,
579, 540, 542, -1,
541, 539, 580, -1,
580, 539, 581, -1,
580, 581, 582, -1,
583, 584, 581, -1,
581, 584, 585, -1,
581, 585, 582, -1,
586, 587, 588, -1,
588, 587, 589, -1,
588, 589, 583, -1,
583, 589, 590, -1,
583, 590, 584, -1,
586, 588, 591, -1,
591, 588, 592, -1,
591, 592, 593, -1,
593, 592, 594, -1,
594, 592, 595, -1,
594, 595, 596, -1,
595, 535, 507, -1,
596, 595, 597, -1,
597, 595, 507, -1,
597, 507, 506, -1,
538, 545, 598, -1,
598, 545, 599, -1,
598, 599, 600, -1,
600, 599, 601, -1,
600, 601, 602, -1,
602, 601, 603, -1,
602, 603, 604, -1,
604, 603, 605, -1,
604, 605, 606, -1,
606, 605, 607, -1,
554, 553, 608, -1,
608, 553, 609, -1,
608, 609, 610, -1,
610, 609, 611, -1,
610, 611, 612, -1,
612, 611, 613, -1,
612, 613, 614, -1,
614, 613, 615, -1,
614, 615, 616, -1,
616, 615, 560, -1,
550, 549, 617, -1,
617, 549, 618, -1,
617, 618, 619, -1,
619, 618, 620, -1,
619, 620, 621, -1,
621, 620, 622, -1,
621, 622, 623, -1,
623, 622, 624, -1,
623, 624, 625, -1,
625, 624, 559, -1,
544, 543, 626, -1,
626, 543, 627, -1,
626, 627, 628, -1,
628, 627, 629, -1,
628, 629, 630, -1,
630, 629, 631, -1,
630, 631, 632, -1,
632, 631, 633, -1,
632, 633, 634, -1,
634, 633, 558, -1,
539, 538, 581, -1,
581, 538, 598, -1,
581, 598, 583, -1,
583, 598, 600, -1,
583, 600, 588, -1,
588, 600, 602, -1,
588, 602, 592, -1,
592, 602, 604, -1,
592, 604, 595, -1,
595, 604, 606, -1,
595, 606, 535, -1,
535, 606, 536, -1,
532, 531, 635, -1,
635, 531, 607, -1,
635, 607, 636, -1,
636, 607, 605, -1,
636, 605, 637, -1,
637, 605, 603, -1,
637, 603, 638, -1,
638, 603, 601, -1,
638, 601, 639, -1,
639, 601, 599, -1,
639, 599, 556, -1,
556, 599, 545, -1,
531, 534, 607, -1,
607, 534, 533, -1,
607, 533, 606, -1,
606, 533, 537, -1,
606, 537, 536, -1,
530, 532, 640, -1,
640, 532, 635, -1,
640, 635, 641, -1,
641, 635, 636, -1,
641, 636, 642, -1,
642, 636, 637, -1,
642, 637, 643, -1,
643, 637, 638, -1,
643, 638, 644, -1,
644, 638, 639, -1,
644, 639, 555, -1,
555, 639, 556, -1,
555, 554, 644, -1,
644, 554, 608, -1,
644, 608, 643, -1,
643, 608, 610, -1,
643, 610, 642, -1,
642, 610, 612, -1,
642, 612, 641, -1,
641, 612, 614, -1,
641, 614, 640, -1,
640, 614, 616, -1,
640, 616, 530, -1,
530, 616, 529, -1,
560, 527, 616, -1,
616, 527, 528, -1,
616, 528, 529, -1,
525, 526, 645, -1,
645, 526, 560, -1,
645, 560, 646, -1,
646, 560, 615, -1,
646, 615, 647, -1,
647, 615, 613, -1,
647, 613, 648, -1,
648, 613, 611, -1,
648, 611, 649, -1,
649, 611, 609, -1,
649, 609, 552, -1,
552, 609, 553, -1,
552, 551, 649, -1,
649, 551, 650, -1,
649, 650, 648, -1,
648, 650, 651, -1,
648, 651, 647, -1,
647, 651, 652, -1,
647, 652, 646, -1,
646, 652, 653, -1,
646, 653, 645, -1,
645, 653, 654, -1,
645, 654, 525, -1,
525, 654, 524, -1,
551, 550, 650, -1,
650, 550, 617, -1,
650, 617, 651, -1,
651, 617, 619, -1,
651, 619, 652, -1,
652, 619, 621, -1,
652, 621, 653, -1,
653, 621, 623, -1,
653, 623, 654, -1,
654, 623, 625, -1,
654, 625, 524, -1,
524, 625, 523, -1,
559, 521, 625, -1,
625, 521, 522, -1,
625, 522, 523, -1,
518, 517, 655, -1,
655, 517, 559, -1,
655, 559, 656, -1,
656, 559, 624, -1,
656, 624, 657, -1,
657, 624, 622, -1,
657, 622, 658, -1,
658, 622, 620, -1,
658, 620, 659, -1,
659, 620, 618, -1,
659, 618, 548, -1,
548, 618, 549, -1,
548, 544, 659, -1,
659, 544, 626, -1,
659, 626, 658, -1,
658, 626, 628, -1,
658, 628, 657, -1,
657, 628, 630, -1,
657, 630, 656, -1,
656, 630, 632, -1,
656, 632, 655, -1,
655, 632, 634, -1,
655, 634, 518, -1,
518, 634, 519, -1,
558, 515, 634, -1,
634, 515, 520, -1,
634, 520, 519, -1,
513, 516, 557, -1,
557, 516, 558, -1,
557, 558, 660, -1,
660, 558, 633, -1,
660, 633, 661, -1,
661, 633, 631, -1,
661, 631, 662, -1,
662, 631, 629, -1,
662, 629, 663, -1,
663, 629, 627, -1,
663, 627, 546, -1,
546, 627, 543, -1,
512, 514, 664, -1,
664, 514, 557, -1,
664, 557, 665, -1,
665, 557, 660, -1,
665, 660, 666, -1,
666, 660, 661, -1,
666, 661, 667, -1,
667, 661, 662, -1,
667, 662, 668, -1,
668, 662, 663, -1,
668, 663, 547, -1,
547, 663, 546, -1,
547, 540, 668, -1,
668, 540, 577, -1,
668, 577, 667, -1,
667, 577, 574, -1,
667, 574, 666, -1,
666, 574, 563, -1,
666, 563, 665, -1,
665, 563, 569, -1,
665, 569, 664, -1,
664, 569, 564, -1,
664, 564, 512, -1,
512, 564, 511, -1,
510, 501, 509, -1,
509, 501, 502, -1,
509, 502, 508, -1,
508, 502, 503, -1,
265, 264, 270, -1,
266, 265, 267, -1,
267, 265, 510, -1,
265, 270, 510, -1,
510, 270, 269, -1,
510, 269, 273, -1,
255, 250, 247, -1,
247, 250, 249, -1,
258, 510, 256, -1,
256, 510, 251, -1,
258, 262, 510, -1,
510, 262, 261, -1,
510, 261, 501, -1,
273, 272, 510, -1,
510, 272, 278, -1,
510, 278, 277, -1,
242, 243, 255, -1,
255, 243, 245, -1,
255, 245, 250, -1,
255, 254, 510, -1,
510, 254, 252, -1,
510, 252, 251, -1,
277, 275, 510, -1,
510, 275, 274, -1,
510, 274, 279, -1,
279, 281, 510, -1,
510, 281, 202, -1,
510, 202, 255, -1,
255, 202, 201, -1,
255, 201, 242, -1,
506, 508, 590, -1,
590, 508, 584, -1,
570, 568, 508, -1,
503, 504, 508, -1,
508, 504, 566, -1,
566, 565, 508, -1,
508, 565, 571, -1,
508, 571, 570, -1,
586, 591, 593, -1,
578, 568, 567, -1,
589, 596, 590, -1,
590, 596, 597, -1,
590, 597, 506, -1,
589, 587, 596, -1,
596, 587, 586, -1,
596, 586, 594, -1,
594, 586, 593, -1,
573, 575, 561, -1,
561, 575, 562, -1,
567, 572, 578, -1,
578, 572, 562, -1,
578, 562, 576, -1,
576, 562, 575, -1,
578, 579, 568, -1,
568, 579, 542, -1,
568, 542, 508, -1,
508, 542, 541, -1,
508, 541, 580, -1,
580, 582, 508, -1,
508, 582, 585, -1,
508, 585, 584, -1,
677, 135, 678, -1,
678, 135, 136, -1,
679, 680, 681, -1,
681, 680, 678, -1,
681, 678, 127, -1,
127, 678, 136, -1,
681, 127, 682, -1,
682, 127, 126, -1,
126, 135, 682, -1,
682, 135, 677, -1,
682, 677, 683, -1,
683, 677, 684, -1,
683, 684, 679, -1,
679, 684, 680, -1,
682, 683, 681, -1,
681, 683, 679, -1,
678, 680, 677, -1,
677, 680, 684, -1,
819, 820, 821, -1,
822, 823, 824, -1,
824, 823, 825, -1,
824, 825, 826, -1,
826, 825, 827, -1,
819, 821, 825, -1,
825, 821, 828, -1,
825, 828, 827, -1,
829, 830, 831, -1,
831, 832, 829, -1,
829, 832, 833, -1,
829, 833, 834, -1,
834, 835, 829, -1,
829, 835, 836, -1,
829, 836, 837, -1,
837, 836, 838, -1,
822, 831, 823, -1,
823, 831, 830, -1,
832, 831, 824, -1,
824, 831, 822, -1,
830, 829, 823, -1,
823, 829, 825, -1,
832, 824, 826, -1,
832, 826, 833, -1,
833, 826, 827, -1,
833, 827, 834, -1,
834, 827, 828, -1,
834, 828, 835, -1,
835, 828, 821, -1,
835, 821, 836, -1,
836, 821, 820, -1,
836, 820, 838, -1,
838, 820, 819, -1,
838, 819, 837, -1,
837, 819, 825, -1,
837, 825, 829, -1,
996, 997, 998, -1,
999, 1000, 997, -1,
997, 1000, 1001, -1,
997, 1001, 1002, -1,
1002, 1003, 997, -1,
997, 1003, 1004, -1,
997, 1004, 998, -1,
1005, 1006, 1007, -1,
1005, 1007, 998, -1,
998, 1007, 1008, -1,
998, 1008, 996, -1,
1009, 1010, 1011, -1,
1011, 1010, 1012, -1,
1006, 1013, 1007, -1,
1007, 1013, 1012, -1,
1007, 1012, 1014, -1,
1014, 1012, 1010, -1,
1015, 1016, 1017, -1,
1018, 1019, 1020, -1,
1021, 1022, 1023, -1,
1024, 1025, 1026, -1,
1027, 1028, 1029, -1,
1030, 1031, 1032, -1,
1033, 1034, 1035, -1,
997, 1036, 999, -1,
999, 1036, 1037, -1,
1037, 1036, 1038, -1,
1038, 1036, 1039, -1,
1038, 1039, 1040, -1,
1041, 1042, 1043, -1,
1043, 1042, 1044, -1,
1043, 1044, 1039, -1,
1039, 1044, 1045, -1,
1039, 1045, 1040, -1,
1046, 1047, 1048, -1,
1048, 1047, 1049, -1,
1048, 1049, 1041, -1,
1041, 1049, 1050, -1,
1041, 1050, 1042, -1,
1046, 1048, 1051, -1,
1051, 1048, 1052, -1,
1051, 1052, 1053, -1,
1052, 1054, 1055, -1,
1055, 1056, 1052, -1,
1052, 1056, 1057, -1,
1052, 1057, 1053, -1,
1058, 1059, 1035, -1,
1035, 1059, 1060, -1,
1035, 1060, 1033, -1,
1033, 1060, 1061, -1,
1033, 1061, 1062, -1,
1063, 1064, 1058, -1,
1058, 1064, 1065, -1,
1058, 1065, 1059, -1,
1066, 1067, 1063, -1,
1063, 1067, 1068, -1,
1063, 1068, 1064, -1,
1069, 1070, 1071, -1,
1071, 1070, 1072, -1,
1071, 1072, 1066, -1,
1066, 1072, 1073, -1,
1066, 1073, 1067, -1,
1069, 1071, 1074, -1,
1074, 1071, 1075, -1,
1074, 1075, 1076, -1,
1076, 1075, 1001, -1,
1076, 1001, 1000, -1,
996, 1008, 1077, -1,
1077, 1008, 1078, -1,
1077, 1078, 1079, -1,
1079, 1078, 1080, -1,
1079, 1080, 1081, -1,
1081, 1080, 1082, -1,
1081, 1082, 1083, -1,
1083, 1082, 1084, -1,
1083, 1084, 1085, -1,
1085, 1084, 1086, -1,
1085, 1086, 1087, -1,
1087, 1086, 1032, -1,
1010, 1009, 1088, -1,
1088, 1009, 1089, -1,
1088, 1089, 1090, -1,
1090, 1089, 1091, -1,
1090, 1091, 1092, -1,
1092, 1091, 1093, -1,
1092, 1093, 1094, -1,
1094, 1093, 1095, -1,
1094, 1095, 1096, -1,
1096, 1095, 1097, -1,
1096, 1097, 1098, -1,
1098, 1097, 1026, -1,
1013, 1006, 1099, -1,
1099, 1006, 1100, -1,
1099, 1100, 1101, -1,
1101, 1100, 1102, -1,
1101, 1102, 1103, -1,
1103, 1102, 1104, -1,
1103, 1104, 1105, -1,
1105, 1104, 1106, -1,
1105, 1106, 1107, -1,
1107, 1106, 1108, -1,
1107, 1108, 1109, -1,
1109, 1108, 1023, -1,
998, 1004, 1110, -1,
1110, 1004, 1111, -1,
1110, 1111, 1112, -1,
1112, 1111, 1113, -1,
1112, 1113, 1114, -1,
1114, 1113, 1115, -1,
1114, 1115, 1116, -1,
1116, 1115, 1117, -1,
1116, 1117, 1118, -1,
1118, 1117, 1119, -1,
1118, 1119, 1120, -1,
1120, 1119, 1020, -1,
997, 996, 1036, -1,
1036, 996, 1077, -1,
1036, 1077, 1039, -1,
1039, 1077, 1079, -1,
1039, 1079, 1043, -1,
1043, 1079, 1081, -1,
1043, 1081, 1041, -1,
1041, 1081, 1083, -1,
1041, 1083, 1048, -1,
1048, 1083, 1085, -1,
1048, 1085, 1052, -1,
1052, 1085, 1087, -1,
1052, 1087, 1054, -1,
1054, 1087, 1121, -1,
1032, 1031, 1087, -1,
1087, 1031, 1122, -1,
1087, 1122, 1121, -1,
1008, 1007, 1078, -1,
1078, 1007, 1123, -1,
1078, 1123, 1080, -1,
1080, 1123, 1124, -1,
1080, 1124, 1082, -1,
1082, 1124, 1125, -1,
1082, 1125, 1084, -1,
1084, 1125, 1126, -1,
1084, 1126, 1086, -1,
1086, 1126, 1127, -1,
1086, 1127, 1032, -1,
1032, 1127, 1029, -1,
1032, 1029, 1030, -1,
1030, 1029, 1028, -1,
1128, 1027, 1129, -1,
1129, 1027, 1029, -1,
1129, 1029, 1130, -1,
1130, 1029, 1127, -1,
1130, 1127, 1131, -1,
1131, 1127, 1126, -1,
1131, 1126, 1132, -1,
1132, 1126, 1125, -1,
1132, 1125, 1133, -1,
1133, 1125, 1124, -1,
1133, 1124, 1134, -1,
1134, 1124, 1123, -1,
1134, 1123, 1014, -1,
1014, 1123, 1007, -1,
1014, 1010, 1134, -1,
1134, 1010, 1088, -1,
1134, 1088, 1133, -1,
1133, 1088, 1090, -1,
1133, 1090, 1132, -1,
1132, 1090, 1092, -1,
1132, 1092, 1131, -1,
1131, 1092, 1094, -1,
1131, 1094, 1130, -1,
1130, 1094, 1096, -1,
1130, 1096, 1129, -1,
1129, 1096, 1098, -1,
1129, 1098, 1128, -1,
1128, 1098, 1135, -1,
1026, 1025, 1098, -1,
1098, 1025, 1136, -1,
1098, 1136, 1135, -1,
1137, 1024, 1138, -1,
1138, 1024, 1026, -1,
1138, 1026, 1139, -1,
1139, 1026, 1097, -1,
1139, 1097, 1140, -1,
1140, 1097, 1095, -1,
1140, 1095, 1141, -1,
1141, 1095, 1093, -1,
1141, 1093, 1142, -1,
1142, 1093, 1091, -1,
1142, 1091, 1143, -1,
1143, 1091, 1089, -1,
1143, 1089, 1011, -1,
1011, 1089, 1009, -1,
1011, 1012, 1143, -1,
1143, 1012, 1144, -1,
1143, 1144, 1142, -1,
1142, 1144, 1145, -1,
1142, 1145, 1141, -1,
1141, 1145, 1146, -1,
1141, 1146, 1140, -1,
1140, 1146, 1147, -1,
1140, 1147, 1139, -1,
1139, 1147, 1148, -1,
1139, 1148, 1138, -1,
1138, 1148, 1149, -1,
1138, 1149, 1137, -1,
1137, 1149, 1150, -1,
1012, 1013, 1144, -1,
1144, 1013, 1099, -1,
1144, 1099, 1145, -1,
1145, 1099, 1101, -1,
1145, 1101, 1146, -1,
1146, 1101, 1103, -1,
1146, 1103, 1147, -1,
1147, 1103, 1105, -1,
1147, 1105, 1148, -1,
1148, 1105, 1107, -1,
1148, 1107, 1149, -1,
1149, 1107, 1109, -1,
1149, 1109, 1150, -1,
1150, 1109, 1151, -1,
1023, 1022, 1109, -1,
1109, 1022, 1152, -1,
1109, 1152, 1151, -1,
1153, 1021, 1154, -1,
1154, 1021, 1023, -1,
1154, 1023, 1155, -1,
1155, 1023, 1108, -1,
1155, 1108, 1156, -1,
1156, 1108, 1106, -1,
1156, 1106, 1157, -1,
1157, 1106, 1104, -1,
1157, 1104, 1158, -1,
1158, 1104, 1102, -1,
1158, 1102, 1159, -1,
1159, 1102, 1100, -1,
1159, 1100, 1005, -1,
1005, 1100, 1006, -1,
1005, 998, 1159, -1,
1159, 998, 1110, -1,
1159, 1110, 1158, -1,
1158, 1110, 1112, -1,
1158, 1112, 1157, -1,
1157, 1112, 1114, -1,
1157, 1114, 1156, -1,
1156, 1114, 1116, -1,
1156, 1116, 1155, -1,
1155, 1116, 1118, -1,
1155, 1118, 1154, -1,
1154, 1118, 1120, -1,
1154, 1120, 1153, -1,
1153, 1120, 1160, -1,
1020, 1019, 1120, -1,
1120, 1019, 1161, -1,
1120, 1161, 1160, -1,
1016, 1018, 1017, -1,
1017, 1018, 1020, -1,
1017, 1020, 1162, -1,
1162, 1020, 1119, -1,
1162, 1119, 1163, -1,
1163, 1119, 1117, -1,
1163, 1117, 1164, -1,
1164, 1117, 1115, -1,
1164, 1115, 1165, -1,
1165, 1115, 1113, -1,
1165, 1113, 1166, -1,
1166, 1113, 1111, -1,
1166, 1111, 1003, -1,
1003, 1111, 1004, -1,
1167, 1015, 1168, -1,
1168, 1015, 1017, -1,
1168, 1017, 1169, -1,
1169, 1017, 1162, -1,
1169, 1162, 1170, -1,
1170, 1162, 1163, -1,
1170, 1163, 1171, -1,
1171, 1163, 1164, -1,
1171, 1164, 1172, -1,
1172, 1164, 1165, -1,
1172, 1165, 1173, -1,
1173, 1165, 1166, -1,
1173, 1166, 1002, -1,
1002, 1166, 1003, -1,
1002, 1001, 1173, -1,
1173, 1001, 1075, -1,
1173, 1075, 1172, -1,
1172, 1075, 1071, -1,
1172, 1071, 1171, -1,
1171, 1071, 1066, -1,
1171, 1066, 1170, -1,
1170, 1066, 1063, -1,
1170, 1063, 1169, -1,
1169, 1063, 1058, -1,
1169, 1058, 1168, -1,
1168, 1058, 1035, -1,
1168, 1035, 1167, -1,
1167, 1035, 1034, -1,
1296, 1282, 1297, -1,
1297, 1282, 1283, -1,
1297, 1283, 1298, -1,
1298, 1283, 1284, -1,
1298, 1284, 1299, -1,
1299, 1284, 1300, -1,
1301, 1302, 1303, -1,
1303, 1302, 1268, -1,
1303, 1268, 1304, -1,
1304, 1268, 1269, -1,
1304, 1269, 1305, -1,
1305, 1269, 1270, -1,
1305, 1270, 1062, -1,
1062, 1270, 1033, -1,
1271, 1167, 1270, -1,
1270, 1167, 1034, -1,
1270, 1034, 1033, -1,
1272, 1016, 1271, -1,
1271, 1016, 1015, -1,
1271, 1015, 1167, -1,
1273, 1019, 1272, -1,
1272, 1019, 1018, -1,
1272, 1018, 1016, -1,
1021, 1153, 1274, -1,
1274, 1153, 1160, -1,
1274, 1160, 1273, -1,
1273, 1160, 1161, -1,
1273, 1161, 1019, -1,
1021, 1274, 1022, -1,
1022, 1274, 1275, -1,
1022, 1275, 1152, -1,
1152, 1275, 1151, -1,
1151, 1275, 1276, -1,
1151, 1276, 1150, -1,
1150, 1276, 1137, -1,
1137, 1276, 1277, -1,
1137, 1277, 1024, -1,
1024, 1277, 1025, -1,
1025, 1277, 1278, -1,
1025, 1278, 1136, -1,
1136, 1278, 1135, -1,
1135, 1278, 1279, -1,
1135, 1279, 1128, -1,
1280, 1028, 1279, -1,
1279, 1028, 1027, -1,
1279, 1027, 1128, -1,
1121, 1122, 1281, -1,
1281, 1122, 1031, -1,
1281, 1031, 1280, -1,
1280, 1031, 1030, -1,
1280, 1030, 1028, -1,
1121, 1281, 1054, -1,
1054, 1281, 1282, -1,
1054, 1282, 1055, -1,
1055, 1282, 1296, -1,
1055, 1296, 1056, -1,
1300, 1284, 1306, -1,
1306, 1284, 1285, -1,
1306, 1285, 1307, -1,
1286, 1308, 1285, -1,
1285, 1308, 1309, -1,
1285, 1309, 1307, -1,
1287, 1310, 1286, -1,
1286, 1310, 1311, -1,
1286, 1311, 1308, -1,
1312, 1313, 1288, -1,
1288, 1313, 1314, -1,
1288, 1314, 1287, -1,
1287, 1314, 1315, -1,
1287, 1315, 1310, -1,
1312, 1288, 1316, -1,
1316, 1288, 1289, -1,
1316, 1289, 1317, -1,
1317, 1289, 1318, -1,
1318, 1289, 1290, -1,
1318, 1290, 1319, -1,
1319, 1290, 1320, -1,
1320, 1290, 1291, -1,
1320, 1291, 1321, -1,
1321, 1291, 1322, -1,
1322, 1291, 1292, -1,
1322, 1292, 1323, -1,
1323, 1292, 1324, -1,
1324, 1292, 1293, -1,
1324, 1293, 1325, -1,
1294, 1326, 1293, -1,
1293, 1326, 1327, -1,
1293, 1327, 1325, -1,
1295, 1328, 1294, -1,
1294, 1328, 1329, -1,
1294, 1329, 1326, -1,
1302, 1330, 1268, -1,
1268, 1330, 1331, -1,
1268, 1331, 1295, -1,
1295, 1331, 1332, -1,
1295, 1332, 1328, -1,
1333, 1334, 1335, -1,
1335, 1334, 1336, -1,
1335, 1336, 1337, -1,
1337, 1338, 1335, -1,
1335, 1338, 1339, -1,
1335, 1339, 1340, -1,
1335, 1341, 1342, -1,
1343, 1344, 1345, -1,
1340, 1346, 1335, -1,
1335, 1346, 1347, -1,
1335, 1347, 1341, -1,
1342, 1348, 1335, -1,
1335, 1348, 1349, -1,
1335, 1349, 1350, -1,
1350, 1349, 1345, -1,
1345, 1349, 1351, -1,
1345, 1351, 1343, -1,
1309, 1308, 1352, -1,
1311, 1310, 1353, -1,
1312, 1316, 1354, -1,
1321, 1322, 1355, -1,
1356, 1357, 1358, -1,
1300, 1306, 1359, -1,
1359, 1360, 1300, -1,
1300, 1360, 1361, -1,
1300, 1361, 1299, -1,
1362, 1363, 1364, -1,
1364, 1363, 1365, -1,
1364, 1365, 1359, -1,
1359, 1365, 1366, -1,
1359, 1366, 1360, -1,
1358, 1357, 1364, -1,
1364, 1357, 1367, -1,
1364, 1367, 1362, -1,
1356, 1358, 1368, -1,
1368, 1358, 1369, -1,
1368, 1369, 1370, -1,
1370, 1369, 1371, -1,
1371, 1369, 1372, -1,
1371, 1372, 1373, -1,
1373, 1372, 1374, -1,
1374, 1372, 1336, -1,
1374, 1336, 1334, -1,
1333, 1335, 1375, -1,
1375, 1335, 1376, -1,
1375, 1376, 1377, -1,
1378, 1379, 1376, -1,
1376, 1379, 1380, -1,
1376, 1380, 1377, -1,
1381, 1382, 1383, -1,
1383, 1382, 1384, -1,
1383, 1384, 1378, -1,
1378, 1384, 1385, -1,
1378, 1385, 1379, -1,
1381, 1383, 1386, -1,
1386, 1383, 1387, -1,
1386, 1387, 1388, -1,
1388, 1387, 1389, -1,
1389, 1387, 1390, -1,
1389, 1390, 1391, -1,
1390, 1330, 1302, -1,
1391, 1390, 1392, -1,
1392, 1390, 1302, -1,
1392, 1302, 1301, -1,
1350, 1345, 1393, -1,
1393, 1345, 1394, -1,
1393, 1394, 1395, -1,
1395, 1394, 1396, -1,
1395, 1396, 1397, -1,
1397, 1396, 1398, -1,
1397, 1398, 1399, -1,
1399, 1398, 1400, -1,
1399, 1400, 1401, -1,
1401, 1400, 1402, -1,
1351, 1349, 1403, -1,
1403, 1349, 1404, -1,
1403, 1404, 1405, -1,
1405, 1404, 1406, -1,
1405, 1406, 1407, -1,
1407, 1406, 1408, -1,
1407, 1408, 1409, -1,
1409, 1408, 1410, -1,
1409, 1410, 1411, -1,
1411, 1410, 1355, -1,
1341, 1347, 1412, -1,
1412, 1347, 1413, -1,
1412, 1413, 1414, -1,
1414, 1413, 1415, -1,
1414, 1415, 1416, -1,
1416, 1415, 1417, -1,
1416, 1417, 1418, -1,
1418, 1417, 1419, -1,
1418, 1419, 1420, -1,
1420, 1419, 1354, -1,
1340, 1339, 1421, -1,
1421, 1339, 1422, -1,
1421, 1422, 1423, -1,
1423, 1422, 1424, -1,
1423, 1424, 1425, -1,
1425, 1424, 1426, -1,
1425, 1426, 1427, -1,
1427, 1426, 1428, -1,
1427, 1428, 1429, -1,
1429, 1428, 1353, -1,
1335, 1350, 1376, -1,
1376, 1350, 1393, -1,
1376, 1393, 1378, -1,
1378, 1393, 1395, -1,
1378, 1395, 1383, -1,
1383, 1395, 1397, -1,
1383, 1397, 1387, -1,
1387, 1397, 1399, -1,
1387, 1399, 1390, -1,
1390, 1399, 1401, -1,
1390, 1401, 1330, -1,
1330, 1401, 1331, -1,
1327, 1326, 1430, -1,
1430, 1326, 1402, -1,
1430, 1402, 1431, -1,
1431, 1402, 1400, -1,
1431, 1400, 1432, -1,
1432, 1400, 1398, -1,
1432, 1398, 1433, -1,
1433, 1398, 1396, -1,
1433, 1396, 1434, -1,
1434, 1396, 1394, -1,
1434, 1394, 1344, -1,
1344, 1394, 1345, -1,
1326, 1329, 1402, -1,
1402, 1329, 1328, -1,
1402, 1328, 1401, -1,
1401, 1328, 1332, -1,
1401, 1332, 1331, -1,
1325, 1327, 1435, -1,
1435, 1327, 1430, -1,
1435, 1430, 1436, -1,
1436, 1430, 1431, -1,
1436, 1431, 1437, -1,
1437, 1431, 1432, -1,
1437, 1432, 1438, -1,
1438, 1432, 1433, -1,
1438, 1433, 1439, -1,
1439, 1433, 1434, -1,
1439, 1434, 1343, -1,
1343, 1434, 1344, -1,
1343, 1351, 1439, -1,
1439, 1351, 1403, -1,
1439, 1403, 1438, -1,
1438, 1403, 1405, -1,
1438, 1405, 1437, -1,
1437, 1405, 1407, -1,
1437, 1407, 1436, -1,
1436, 1407, 1409, -1,
1436, 1409, 1435, -1,
1435, 1409, 1411, -1,
1435, 1411, 1325, -1,
1325, 1411, 1324, -1,
1355, 1322, 1411, -1,
1411, 1322, 1323, -1,
1411, 1323, 1324, -1,
1320, 1321, 1440, -1,
1440, 1321, 1355, -1,
1440, 1355, 1441, -1,
1441, 1355, 1410, -1,
1441, 1410, 1442, -1,
1442, 1410, 1408, -1,
1442, 1408, 1443, -1,
1443, 1408, 1406, -1,
1443, 1406, 1444, -1,
1444, 1406, 1404, -1,
1444, 1404, 1348, -1,
1348, 1404, 1349, -1,
1348, 1342, 1444, -1,
1444, 1342, 1445, -1,
1444, 1445, 1443, -1,
1443, 1445, 1446, -1,
1443, 1446, 1442, -1,
1442, 1446, 1447, -1,
1442, 1447, 1441, -1,
1441, 1447, 1448, -1,
1441, 1448, 1440, -1,
1440, 1448, 1449, -1,
1440, 1449, 1320, -1,
1320, 1449, 1319, -1,
1342, 1341, 1445, -1,
1445, 1341, 1412, -1,
1445, 1412, 1446, -1,
1446, 1412, 1414, -1,
1446, 1414, 1447, -1,
1447, 1414, 1416, -1,
1447, 1416, 1448, -1,
1448, 1416, 1418, -1,
1448, 1418, 1449, -1,
1449, 1418, 1420, -1,
1449, 1420, 1319, -1,
1319, 1420, 1318, -1,
1354, 1316, 1420, -1,
1420, 1316, 1317, -1,
1420, 1317, 1318, -1,
1313, 1312, 1450, -1,
1450, 1312, 1354, -1,
1450, 1354, 1451, -1,
1451, 1354, 1419, -1,
1451, 1419, 1452, -1,
1452, 1419, 1417, -1,
1452, 1417, 1453, -1,
1453, 1417, 1415, -1,
1453, 1415, 1454, -1,
1454, 1415, 1413, -1,
1454, 1413, 1346, -1,
1346, 1413, 1347, -1,
1346, 1340, 1454, -1,
1454, 1340, 1421, -1,
1454, 1421, 1453, -1,
1453, 1421, 1423, -1,
1453, 1423, 1452, -1,
1452, 1423, 1425, -1,
1452, 1425, 1451, -1,
1451, 1425, 1427, -1,
1451, 1427, 1450, -1,
1450, 1427, 1429, -1,
1450, 1429, 1313, -1,
1313, 1429, 1314, -1,
1353, 1310, 1429, -1,
1429, 1310, 1315, -1,
1429, 1315, 1314, -1,
1308, 1311, 1352, -1,
1352, 1311, 1353, -1,
1352, 1353, 1455, -1,
1455, 1353, 1428, -1,
1455, 1428, 1456, -1,
1456, 1428, 1426, -1,
1456, 1426, 1457, -1,
1457, 1426, 1424, -1,
1457, 1424, 1458, -1,
1458, 1424, 1422, -1,
1458, 1422, 1338, -1,
1338, 1422, 1339, -1,
1307, 1309, 1459, -1,
1459, 1309, 1352, -1,
1459, 1352, 1460, -1,
1460, 1352, 1455, -1,
1460, 1455, 1461, -1,
1461, 1455, 1456, -1,
1461, 1456, 1462, -1,
1462, 1456, 1457, -1,
1462, 1457, 1463, -1,
1463, 1457, 1458, -1,
1463, 1458, 1337, -1,
1337, 1458, 1338, -1,
1337, 1336, 1463, -1,
1463, 1336, 1372, -1,
1463, 1372, 1462, -1,
1462, 1372, 1369, -1,
1462, 1369, 1461, -1,
1461, 1369, 1358, -1,
1461, 1358, 1460, -1,
1460, 1358, 1364, -1,
1460, 1364, 1459, -1,
1459, 1364, 1359, -1,
1459, 1359, 1307, -1,
1307, 1359, 1306, -1,
1298, 1303, 1297, -1,
1297, 1303, 1304, -1,
1297, 1304, 1296, -1,
1296, 1304, 1305, -1,
1060, 1059, 1065, -1,
1061, 1060, 1062, -1,
1062, 1060, 1305, -1,
1060, 1065, 1305, -1,
1305, 1065, 1064, -1,
1305, 1064, 1068, -1,
1050, 1045, 1042, -1,
1042, 1045, 1044, -1,
1053, 1305, 1051, -1,
1051, 1305, 1046, -1,
1053, 1057, 1305, -1,
1305, 1057, 1056, -1,
1305, 1056, 1296, -1,
1068, 1067, 1305, -1,
1305, 1067, 1073, -1,
1305, 1073, 1072, -1,
1037, 1038, 1050, -1,
1050, 1038, 1040, -1,
1050, 1040, 1045, -1,
1050, 1049, 1305, -1,
1305, 1049, 1047, -1,
1305, 1047, 1046, -1,
1072, 1070, 1305, -1,
1305, 1070, 1069, -1,
1305, 1069, 1074, -1,
1074, 1076, 1305, -1,
1305, 1076, 1000, -1,
1305, 1000, 1050, -1,
1050, 1000, 999, -1,
1050, 999, 1037, -1,
1301, 1303, 1385, -1,
1385, 1303, 1379, -1,
1303, 1298, 1299, -1,
1299, 1361, 1303, -1,
1303, 1361, 1360, -1,
1303, 1360, 1366, -1,
1381, 1386, 1388, -1,
1366, 1365, 1373, -1,
1373, 1365, 1363, -1,
1373, 1363, 1362, -1,
1373, 1374, 1366, -1,
1366, 1374, 1334, -1,
1366, 1334, 1303, -1,
1303, 1334, 1333, -1,
1303, 1333, 1375, -1,
1375, 1377, 1303, -1,
1303, 1377, 1380, -1,
1303, 1380, 1379, -1,
1384, 1391, 1385, -1,
1385, 1391, 1392, -1,
1385, 1392, 1301, -1,
1384, 1382, 1391, -1,
1391, 1382, 1381, -1,
1391, 1381, 1389, -1,
1389, 1381, 1388, -1,
1368, 1370, 1356, -1,
1356, 1370, 1357, -1,
1362, 1367, 1373, -1,
1373, 1367, 1357, -1,
1373, 1357, 1371, -1,
1371, 1357, 1370, -1,
1472, 950, 1473, -1,
1473, 950, 951, -1,
1474, 1475, 1476, -1,
1476, 1475, 1473, -1,
1476, 1473, 943, -1,
943, 1473, 951, -1,
1476, 943, 1477, -1,
1477, 943, 942, -1,
942, 950, 1477, -1,
1477, 950, 1472, -1,
1477, 1472, 1478, -1,
1478, 1472, 1479, -1,
1478, 1479, 1474, -1,
1474, 1479, 1475, -1,
1477, 1478, 1476, -1,
1476, 1478, 1474, -1,
1473, 1475, 1472, -1,
1472, 1475, 1479, -1,
] } }
Shape { appearance Appearance { material Material { diffuseColor 0.22745098039215686 0.5372549019607843 0.26666666666666666 } } geometry IndexedFaceSet { solid FALSE coord Coordinate { point [
-0.4921260 1.9530547 1.7215787,
-0.4921260 1.9330913 1.7473043,
-0.4921260 1.9091598 1.7693878,
-0.4921260 1.1417323 1.8110244,
-0.4921260 1.1417323 1.6929126,
-0.4921260 1.7880878 1.8110244,
-0.4921260 1.9685039 1.6929126,
-0.4921260 1.8205394 1.8083307,
-0.4921260 1.8521031 1.8003244,
-0.4921260 1.8819154 1.7872236,
-1.4763780 1.9685039 1.6929126,
-1.4763780 1.1417323 1.6929126,
-1.4763780 1.1417323 1.8110244,
-1.4763780 1.7880878 1.8110244,
-1.4763780 1.8205394 1.8083307,
-1.4763780 1.8521031 1.8003244,
-1.4763780 1.8819154 1.7872236,
-1.4763780 1.9091598 1.7693878,
-1.4763780 1.9530547 1.7215787,
-1.4763780 1.9330913 1.7473043,
-0.6818185 2.0472441 1.1059909,
-0.6508047 2.0472441 1.1025079,
-0.7499327 2.0472441 0.8695244,
-0.8170331 2.0472441 1.1367185,
-0.7092906 2.0472441 1.1386390,
-0.7191630 2.0472441 1.1379579,
-0.7555776 2.0472441 1.1280764,
-0.7555776 2.0472441 1.0858260,
-0.8170331 2.0472441 0.8217579,
-0.9783543 2.0472441 1.1021496,
-1.0167642 2.0472441 0.0000000,
-1.0167642 2.0472441 1.1386390,
-0.9783543 2.0472441 1.1367185,
-0.8592839 2.0472441 1.1021496,
-0.8592839 2.0472441 0.9984433,
-0.7201004 2.0472441 1.1010173,
-0.7555776 2.0472441 0.8726512,
-0.8592839 2.0472441 0.9638744,
-0.8592839 2.0472441 0.8563272,
-0.9706724 2.0472441 0.9638744,
-0.9860366 2.0472441 0.8563272,
-0.9706724 2.0472441 0.9984433,
-0.5379000 2.0472441 1.0537626,
-0.5563606 2.0472441 1.0832094,
-0.3753201 2.0472441 1.1367185,
-0.5847957 2.0472441 1.1105563,
-0.6147118 2.0472441 1.1277764,
0.0000000 2.0472441 1.1386390,
0.0000000 2.0472441 0.0000000,
-0.3330693 2.0472441 0.8217579,
-0.9860366 2.0472441 0.8217579,
-0.6498240 2.0472441 1.1379768,
-0.6579339 2.0472441 1.1386390,
-0.3330693 2.0472441 1.1367185,
-0.6272307 2.0472441 1.0940000,
-0.6054307 2.0472441 1.0794165,
-0.5864110 2.0472441 1.0584193,
-0.5635283 2.0472441 0.9758776,
-0.5667173 2.0472441 0.9417811,
-0.5752744 2.0472441 0.9146902,
-0.6453598 2.0472441 0.8557811,
-0.6747366 2.0472441 0.8524858,
-0.6224102 2.0472441 0.8642299,
-0.6030803 2.0472441 0.8772583,
-0.5883008 2.0472441 0.8928512,
-0.7165449 2.0472441 0.8571260,
-0.5734260 2.0472441 1.0341008,
-0.5650307 2.0472441 1.0003831,
-0.3753201 2.0472441 0.8563272,
-0.5212776 2.0472441 0.9732972,
-0.5258083 2.0472441 1.0180744,
-0.5995736 2.0472441 0.8324496,
-0.5742386 2.0472441 0.8486280,
-0.4943906 2.0472441 0.8217579,
-0.5505811 2.0472441 0.8735343,
-0.4943906 2.0472441 0.8563272,
-0.5338024 2.0472441 0.9034823,
-0.5243232 2.0472441 0.9368201,
-0.7555776 2.0472441 0.8380823,
-0.7220043 2.0472441 0.8242972,
-0.6775272 2.0472441 0.8180650,
-0.6689154 2.0472441 0.8179173,
-0.6301008 2.0472441 0.8219417,
0.0000000 2.0472441 1.8897638,
-0.4921260 2.0472441 1.8897638,
-0.6814587 2.0472441 1.1405594,
-1.0167642 2.0472441 1.8897638,
-1.4763780 2.0472441 1.8897638,
-1.5303157 2.0472441 0.9101004,
-1.4002024 2.0472441 0.9101004,
-1.5621839 2.0472441 0.8217579,
-1.3701350 2.0472441 0.8217579,
-1.6082760 2.0472441 0.8217579,
-1.9685039 2.0472441 0.0000000,
-1.3240429 2.0472441 0.8217579,
-1.4853642 2.0472441 1.1367185,
-1.4431134 2.0472441 1.1367185,
-1.1363752 2.0472441 1.1367185,
-1.1818780 2.0472441 1.1318547,
-1.2187287 2.0472441 1.1189150,
-1.2530098 2.0472441 1.0959406,
-1.2852697 2.0472441 0.9080819,
-1.2672079 2.0472441 0.8799106,
-1.2412831 2.0472441 0.8550886,
-1.2083972 2.0472441 0.8359772,
-1.2533390 2.0472441 1.0956516,
-1.2756114 2.0472441 1.0709547,
-1.2902488 2.0472441 1.0438681,
-1.1721051 2.0472441 0.8251598,
-1.1331343 2.0472441 0.8217579,
-1.0474921 2.0472441 0.8217579,
-1.0474921 2.0472441 1.1367185,
-1.2987083 2.0472441 1.0128354,
-1.3009969 2.0472441 0.9831996,
-1.2965776 2.0472441 0.9410488,
-1.9685039 2.0472441 1.1386390,
-1.9685039 2.0472441 1.8897638,
-2.1652524 1.0629921 0.0000000,
-2.1652524 1.4566929 0.0000000,
-1.9685039 1.1547374 0.0000000,
-1.9685039 1.3649476 0.0000000,
-2.1652524 -1.6929134 0.0000000,
-2.1652524 -1.2992126 0.0000000,
-1.9685039 -1.6011681 0.0000000,
-1.9685039 -1.3909579 0.0000000,
-0.1968504 1.0629921 0.0000000,
-0.8070866 -0.1574803 0.0000000,
-0.8070866 0.1574803 0.0000000,
-0.1968504 -1.2992126 0.0000000,
0.0000000 1.1547850 0.0000000,
0.0000000 -1.3910055 0.0000000,
0.0000000 -1.6011205 0.0000000,
0.0000000 -2.0866142 0.0000000,
-0.1968504 -1.6929134 0.0000000,
-1.9685039 -2.0866142 0.0000000,
-1.1614173 -0.1574803 0.0000000,
-1.1614173 0.1574803 0.0000000,
-0.1968504 1.4566929 0.0000000,
0.0000000 1.3649000 0.0000000,
-1.9685039 -1.3909579 2.7559059,
-1.9685039 1.1547374 2.7559059,
-1.9685039 1.3649476 2.7559059,
-1.9685039 1.1565307 5.4913441,
-1.9685039 1.1505138 5.5076685,
-1.9685039 -1.6011681 2.7559059,
-1.9685039 -2.0866142 2.7952756,
-1.9685039 -2.0799067 2.8462240,
-1.9685039 -1.9881890 2.9657535,
-1.9685039 -1.9407126 2.9854185,
-1.9685039 -1.8897638 2.9921260,
-1.9685039 -1.1970882 5.4934551,
-1.9685039 -1.1891303 5.5122657,
-1.9685039 -1.1766020 5.5283972,
-1.9685039 -1.1603457 5.5407634,
-1.9685039 -1.1414563 5.5485323,
-1.9685039 -1.1212039 5.5511811,
-1.9685039 1.0800933 5.5511811,
-1.9685039 1.0973835 5.5492594,
-1.9685039 1.1138299 5.5435878,
-1.9685039 1.1286295 5.5344429,
-1.9685039 1.1410598 5.5222720,
-1.9685039 -2.0602413 2.8937016,
-1.9685039 -2.0289579 2.9344697,
-1.4763780 -1.8897638 0.7874012,
-0.4921260 -1.8897638 0.7874012,
-1.4763780 -1.6929134 0.7874012,
-0.4921260 -1.6929134 0.7874012,
-0.4921260 -1.6888890 0.8179705,
-0.4921260 -1.6929134 2.1653539,
-0.4921260 -1.6929134 2.0543890,
-0.4921260 -1.8897638 2.1653539,
-0.4921260 -1.6794984 1.9524917,
-0.4921260 -1.6053724 0.9014874,
-0.4921260 -1.6401673 1.8575386,
-0.4921260 -1.5776012 1.7760004,
-0.4921260 -1.6338583 0.8896882,
-0.4921260 -1.6583197 0.8709181,
-0.4921260 -1.6770898 0.8464567,
-0.4921260 -0.1181102 1.6606882,
-0.4921260 -0.1181102 0.9055118,
-0.4921260 -1.2992126 1.6606882,
-0.4921260 -1.5748031 0.9055118,
-0.4921260 -1.4011098 1.6741035,
-0.4921260 -1.4960630 1.7134346,
-1.4763780 -1.6929134 2.0543890,
-1.4763780 -1.6929134 2.1653539,
-1.4763780 -1.8897638 2.1653539,
-1.4763780 -1.6338583 0.8896882,
-1.4763780 -1.6053724 0.9014874,
-1.4763780 -1.4960630 1.7134346,
-1.4763780 -1.5776012 1.7760004,
-1.4763780 -1.6401673 1.8575386,
-1.4763780 -1.6794984 1.9524917,
-1.4763780 -1.6888890 0.8179705,
-1.4763780 -1.6770898 0.8464567,
-1.4763780 -1.6583197 0.8709181,
-1.4763780 -0.1181102 0.9055118,
-1.4763780 -0.1181102 1.6606882,
-1.4763780 -1.5748031 0.9055118,
-1.4763780 -1.2992126 1.6606882,
-1.4763780 -1.4011098 1.6741035,
-0.2824591 -0.1181102 5.4724413,
-1.6860449 -0.1181102 5.4724413,
-0.3013626 -0.2090606 5.4724413,
-1.6671413 -0.2090606 5.4724413,
-1.6274965 -0.3170701 5.4724413,
-1.4132031 -0.5837791 5.4724413,
-1.3162677 -0.6457575 5.4724413,
-1.2105807 -0.6912327 5.4724413,
-0.3410079 -0.3170701 5.4724413,
-1.0989276 -0.7190067 5.4724413,
-0.9842520 -0.7283465 5.4724413,
-0.4696728 -0.5069315 5.4724413,
-1.5708957 -0.4172406 5.4724413,
-1.4988315 -0.5069315 5.4724413,
-0.3976083 -0.4172406 5.4724413,
-0.8695764 -0.7190067 5.4724413,
-0.7579232 -0.6912327 5.4724413,
-0.5553012 -0.5837791 5.4724413,
-0.6522362 -0.6457575 5.4724413,
-1.6928846 -0.3608787 5.3937008,
-1.6360783 -0.4614130 5.3937008,
-1.6344441 -0.4603055 5.4112220,
-1.5978457 -0.5089976 5.3937008,
-1.5560067 -0.5610701 5.3937008,
-1.5545732 -0.5597126 5.4112220,
-1.3251461 -0.7273740 5.3937008,
-1.2357283 -0.7658492 5.3937008,
-1.2350980 -0.7639783 5.4112220,
-0.8096303 -0.7849669 5.3937008,
-0.7327756 -0.7658492 5.3937008,
-0.7334063 -0.7639783 5.4112220,
-0.4941602 -0.6343587 5.3937008,
-0.4124972 -0.5610701 5.3937008,
-0.4139307 -0.5597126 5.4112220,
-0.3706583 -0.5089976 5.3937008,
-0.3324256 -0.4614130 5.3937008,
-0.3340598 -0.4603055 5.4112220,
-1.7501492 -0.1945449 5.3937008,
-1.7430181 -0.2301024 5.3937008,
-1.7411157 -0.2295748 5.4112220,
-0.2844783 -0.2137429 5.4704669,
-0.2647866 -0.1181102 5.4703386,
-0.2636350 -0.1181102 5.4702012,
-0.2684409 -0.2181902 5.4646437,
-0.2559134 -0.1181102 5.4679201,
-0.2420398 -0.2255114 5.4427949,
-0.2323945 -0.1181102 5.4548465,
-0.2540543 -0.2221799 5.4552622,
-0.2390071 -0.1181102 5.4596268,
-0.2482248 -0.1181102 5.4641488,
-0.2113760 -0.1181102 5.4276409,
-0.2147051 -0.1181102 5.4348138,
-0.2330000 -0.2280185 5.4278650,
-0.2193287 -0.1181102 5.4415047,
-0.2204717 -0.1181102 5.4426717,
-0.2068972 -0.1181102 5.4179909,
-0.2273886 -0.2295748 5.4112220,
-0.2050598 -0.1181102 5.4112102,
-0.2254862 -0.2301024 5.3937008,
-0.2183551 -0.1945449 5.3937008,
-0.2030264 -0.1181102 5.3937008,
-0.2047961 -0.1181102 5.4102378,
-1.7355039 -0.2280185 5.4278650,
-1.7615555 -0.1181102 5.4181480,
-1.7630823 -0.1181102 5.4111350,
-1.7650004 -0.1181102 5.4023252,
-1.7654780 -0.1181102 5.3937008,
-1.7264642 -0.2255114 5.4427949,
-1.7536972 -0.1181102 5.4349791,
-1.7571244 -0.1181102 5.4276382,
-1.7144496 -0.2221799 5.4552622,
-1.7361000 -0.1181102 5.4548539,
-1.7491898 -0.1181102 5.4414858,
-1.7129134 -0.1181102 5.4678059,
-1.7202783 -0.1181102 5.4641520,
-1.7000630 -0.2181902 5.4646437,
-1.7298106 -0.1181102 5.4594232,
-1.7355701 -0.1181102 5.4552382,
-1.7054787 -0.1181102 5.4700520,
-1.6840256 -0.2137429 5.4704669,
-1.7037079 -0.1181102 5.4702697,
-0.3251039 -0.3244224 5.4704669,
-0.3831039 -0.4270697 5.4704669,
-0.3099972 -0.3314067 5.4646437,
-0.3693268 -0.4364063 5.4646437,
-0.2964461 -0.3376717 5.4552622,
-0.3569677 -0.4447815 5.4552622,
-0.2851291 -0.3429039 5.4427949,
-0.3466465 -0.4517760 5.4427949,
-0.2766142 -0.3468406 5.4278650,
-0.3388807 -0.4570386 5.4278650,
-0.2713280 -0.3492843 5.4112220,
-0.6440276 -0.6612366 5.4704669,
-0.7523276 -0.7078366 5.4704669,
-0.6362299 -0.6759398 5.4646437,
-0.7470122 -0.7236075 5.4646437,
-0.6292354 -0.6891295 5.4552622,
-0.7422441 -0.7377555 5.4552622,
-0.6233941 -0.7001445 5.4427949,
-0.7382622 -0.7495701 5.4427949,
-0.6189988 -0.7084319 5.4278650,
-0.7352661 -0.7584598 5.4278650,
-0.6162705 -0.7135768 5.4112220,
-1.1017630 -0.7362969 5.4704669,
-1.2161768 -0.7078366 5.4704669,
-1.1044563 -0.7527205 5.4646437,
-1.2214921 -0.7236075 5.4646437,
-1.1068720 -0.7674531 5.4552622,
-1.2262598 -0.7377555 5.4552622,
-1.1088898 -0.7797567 5.4427949,
-1.2302417 -0.7495701 5.4427949,
-1.1104075 -0.7890138 5.4278650,
-1.2332378 -0.7584598 5.4278650,
-1.1113500 -0.7947606 5.4112220,
-1.4238087 -0.5977260 5.4704669,
-1.5115543 -0.5189783 5.4704669,
-1.4338823 -0.6109736 5.4646437,
-1.5236390 -0.5304213 5.4646437,
-1.4429193 -0.6228575 5.4552622,
-1.5344795 -0.5406862 5.4552622,
-1.4504661 -0.6327819 5.4427949,
-1.5435331 -0.5492587 5.4427949,
-1.4561441 -0.6402492 5.4278650,
-1.5503449 -0.5557087 5.4278650,
-1.4596693 -0.6448846 5.4112220,
-0.2695362 -0.3501126 5.3937008,
-0.2756193 -0.3608787 5.3937008,
-0.4569500 -0.5189783 5.4704669,
-0.4448654 -0.5304213 5.4646437,
-0.4340244 -0.5406862 5.4552622,
-0.4249713 -0.5492587 5.4427949,
-0.4181594 -0.5557087 5.4278650,
-0.5076398 -0.6464563 5.3937008,
-0.5088346 -0.6448846 5.4112220,
-0.5123598 -0.6402492 5.4278650,
-0.5180378 -0.6327819 5.4427949,
-0.5255846 -0.6228575 5.4552622,
-0.5346217 -0.6109736 5.4646437,
-0.5446953 -0.5977260 5.4704669,
-0.6153457 -0.7153209 5.3937008,
-0.6433579 -0.7273740 5.3937008,
-0.8568346 -0.7967091 5.3937008,
-0.8571539 -0.7947606 5.4112220,
-0.8580965 -0.7890138 5.4278650,
-0.8596146 -0.7797567 5.4427949,
-0.8616319 -0.7674531 5.4552622,
-0.8640480 -0.7527205 5.4646437,
-0.8667409 -0.7362969 5.4704669,
-0.9842520 -0.7458677 5.4704669,
-0.9842520 -0.7625106 5.4646437,
-0.9842520 -0.7774402 5.4552622,
-0.9842520 -0.7899079 5.4427949,
-0.9842520 -0.7992890 5.4278650,
-0.9842520 -0.8051126 5.4112220,
-0.9842520 -0.8070866 5.3937008,
-1.1116697 -0.7967091 5.3937008,
-1.1588740 -0.7849669 5.3937008,
-1.3531583 -0.7153209 5.3937008,
-1.3522335 -0.7135768 5.4112220,
-1.3495051 -0.7084319 5.4278650,
-1.3451098 -0.7001445 5.4427949,
-1.3392689 -0.6891295 5.4552622,
-1.3322740 -0.6759398 5.4646437,
-1.3244768 -0.6612366 5.4704669,
-1.4608642 -0.6464563 5.3937008,
-1.4743437 -0.6343587 5.3937008,
-1.6296232 -0.4570386 5.4278650,
-1.6218575 -0.4517760 5.4427949,
-1.6115362 -0.4447815 5.4552622,
-1.5991776 -0.4364063 5.4646437,
-1.5854004 -0.4270697 5.4704669,
-1.6989681 -0.3501126 5.3937008,
-1.6971760 -0.3492843 5.4112220,
-1.6918902 -0.3468406 5.4278650,
-1.6833752 -0.3429039 5.4427949,
-1.6720583 -0.3376717 5.4552622,
-1.6585067 -0.3314067 5.4646437,
-1.6434004 -0.3244224 5.4704669,
0.0000000 -2.0866142 2.7952756,
0.0000000 -1.6011205 2.7559059,
0.0000000 1.0973835 5.5492594,
0.0000000 1.0800933 5.5511811,
0.0000000 -1.3910055 2.7559059,
0.0000000 1.1547850 2.7559059,
0.0000000 1.3649000 2.7559059,
0.0000000 1.1565307 5.4913441,
0.0000000 -1.8897638 2.9921260,
0.0000000 -1.9407126 2.9854185,
0.0000000 -1.9881890 2.9657535,
0.0000000 -2.0289579 2.9344697,
0.0000000 -2.0602413 2.8937016,
0.0000000 -2.0799067 2.8462240,
0.0000000 1.1505138 5.5076685,
0.0000000 1.1410598 5.5222720,
0.0000000 -1.1212039 5.5511811,
0.0000000 -1.1970882 5.4934551,
0.0000000 -1.1414563 5.5485323,
0.0000000 1.1286295 5.5344429,
0.0000000 1.1138299 5.5435878,
0.0000000 -1.1603457 5.5407634,
0.0000000 -1.1766020 5.5283972,
0.0000000 -1.1891303 5.5122657,
-0.2559055 -2.0866142 2.6377953,
-1.7125984 -2.0866142 2.6377953,
-1.7125984 -2.0866142 0.6299217,
-0.2559055 -2.0866142 0.6299217,
-0.1782094 0.1642890 5.5511811,
-0.1574803 -0.0196850 5.5511811,
-0.2393567 -0.3784079 5.5511811,
-0.3378559 -0.5351689 5.5511811,
-0.4687685 -0.6660811 5.5511811,
-0.6255291 -0.7645807 5.5511811,
-1.3429748 -0.7645807 5.5511811,
-1.4997358 -0.6660811 5.5511811,
-1.6306480 -0.5351689 5.5511811,
-1.7291476 -0.3784079 5.5511811,
-0.1782094 -0.2036591 5.5511811,
-0.8002780 -0.8257280 5.5511811,
-0.9842520 -0.8464567 5.5511811,
-1.1682260 -0.8257280 5.5511811,
-0.6255291 0.7252106 5.5511811,
-0.4687685 0.6267110 5.5511811,
-1.7902949 -0.2036591 5.5511811,
-1.8110236 -0.0196850 5.5511811,
-1.7902949 0.1642890 5.5511811,
-1.7291476 0.3390378 5.5511811,
-0.3378559 0.4957984 5.5511811,
-0.2393567 0.3390378 5.5511811,
-1.6306480 0.4957984 5.5511811,
-1.4997358 0.6267110 5.5511811,
-1.3429748 0.7252106 5.5511811,
-1.1682260 0.7863575 5.5511811,
-0.9842520 0.8070866 5.5511811,
-0.8002780 0.7863575 5.5511811,
-0.4921260 1.5748031 3.8000689,
-1.4763780 1.5748031 3.8000689,
-0.4921260 1.5748031 2.4803150,
-0.4921260 1.9685039 1.8897638,
-0.4921260 1.3779528 1.8897638,
-0.4921260 1.1417323 1.8897638,
-1.4763780 1.5748031 2.4803150,
-1.4763780 1.1417323 1.8897638,
-1.4763780 1.3779528 1.8897638,
-1.4763780 1.9685039 1.8897638,
-0.1574803 -0.0196850 5.1574803,
-0.1782094 0.1642890 5.1574803,
-0.2393567 0.3390378 5.1574803,
-0.3378559 0.4957984 5.1574803,
-0.4687685 0.6267110 5.1574803,
-0.6255291 0.7252106 5.1574803,
-0.8002780 0.7863575 5.1574803,
-0.9842520 0.8070866 5.1574803,
-1.1682260 0.7863575 5.1574803,
-1.3429748 0.7252106 5.1574803,
-1.4997358 0.6267110 5.1574803,
-1.6306480 0.4957984 5.1574803,
-1.7291476 0.3390378 5.1574803,
-1.7902949 0.1642890 5.1574803,
-1.8110236 -0.0196850 5.1574803,
-1.7902949 -0.2036591 5.1574803,
-1.7291476 -0.3784079 5.1574803,
-1.6306480 -0.5351689 5.1574803,
-1.4997358 -0.6660811 5.1574803,
-1.3429748 -0.7645807 5.1574803,
-1.1682260 -0.8257280 5.1574803,
-0.9842520 -0.8464567 5.1574803,
-0.8002780 -0.8257280 5.1574803,
-0.6255291 -0.7645807 5.1574803,
-0.4687685 -0.6660811 5.1574803,
-0.3378559 -0.5351689 5.1574803,
-0.2393567 -0.3784079 5.1574803,
-0.1782094 -0.2036591 5.1574803,
-1.4751890 0.5959303 5.1574803,
-1.5998673 0.4712516 5.1574803,
-1.6936764 0.3219555 5.1574803,
-1.7519118 0.1555283 5.1574803,
-1.7716535 -0.0196850 5.1574803,
-1.7519118 -0.1948984 5.1574803,
-1.6936764 -0.3613260 5.1574803,
-1.5998673 -0.5106220 5.1574803,
-1.4751890 -0.6353004 5.1574803,
-1.3258929 -0.7291094 5.1574803,
-1.1594654 -0.7873449 5.1574803,
-0.9842520 -0.8070866 5.1574803,
-0.8090386 -0.7873449 5.1574803,
-0.6426114 -0.7291094 5.1574803,
-0.4933154 -0.6353004 5.1574803,
-0.3686366 -0.5106220 5.1574803,
-0.2748276 -0.3613260 5.1574803,
-0.2165921 -0.1948984 5.1574803,
-0.1968504 -0.0196850 5.1574803,
-0.2165921 0.1555283 5.1574803,
-0.2748276 0.3219555 5.1574803,
-0.3686366 0.4712516 5.1574803,
-0.4933154 0.5959303 5.1574803,
-0.6426114 0.6897394 5.1574803,
-0.8090386 0.7479748 5.1574803,
-0.9842520 0.7677165 5.1574803,
-1.1594654 0.7479748 5.1574803,
-1.3258929 0.6897394 5.1574803,
-0.2030264 -0.1181102 5.3149610,
-0.1968504 -0.0196850 5.3149610,
-0.2030264 0.0787402 5.3149610,
-0.2030264 0.0787402 5.3937008,
-0.2183551 0.1551748 5.3937008,
-1.7654780 0.0787402 5.3937008,
-1.7501492 0.1551748 5.3937008,
-1.7654780 0.0787402 5.3149610,
-1.7716535 -0.0196850 5.3149610,
-1.7654780 -0.1181102 5.3149610,
-0.2254862 0.1907319 5.3937008,
-0.2695362 0.3107425 5.3937008,
-0.3324256 0.4220429 5.3937008,
-0.2756193 0.3215083 5.3937008,
-0.4124972 0.5217000 5.3937008,
-0.3706583 0.4696276 5.3937008,
-0.6433579 0.6880039 5.3937008,
-0.6153457 0.6759508 5.3937008,
-0.5076398 0.6070862 5.3937008,
-0.4941602 0.5949886 5.3937008,
-0.7327756 0.7264791 5.3937008,
-0.8096303 0.7455969 5.3937008,
-0.8568346 0.7573386 5.3937008,
-0.9842520 0.7677165 5.3937008,
-1.1116697 0.7573386 5.3937008,
-1.1588740 0.7455969 5.3937008,
-1.2357283 0.7264791 5.3937008,
-1.3251461 0.6880039 5.3937008,
-1.3531583 0.6759508 5.3937008,
-1.4608642 0.6070862 5.3937008,
-1.5560067 0.5217000 5.3937008,
-1.4743437 0.5949886 5.3937008,
-1.6360783 0.4220429 5.3937008,
-1.5978457 0.4696276 5.3937008,
-1.7430181 0.1907319 5.3937008,
-1.6989681 0.3107425 5.3937008,
-1.6928846 0.3215083 5.3937008,
-1.6274965 0.2776996 5.4724413,
-1.6671413 0.1696902 5.4724413,
-0.3013626 0.1696902 5.4724413,
-1.6860449 0.0787402 5.4724413,
-0.2824591 0.0787402 5.4724413,
-0.4696728 0.4675614 5.4724413,
-0.5553012 0.5444091 5.4724413,
-1.5708957 0.3778701 5.4724413,
-0.3976083 0.3778701 5.4724413,
-0.3410079 0.2776996 5.4724413,
-0.6522362 0.6063874 5.4724413,
-0.7579232 0.6518626 5.4724413,
-0.8695764 0.6796362 5.4724413,
-0.9842520 0.6889764 5.4724413,
-1.0989276 0.6796362 5.4724413,
-1.2105807 0.6518626 5.4724413,
-1.3162677 0.6063874 5.4724413,
-1.4132031 0.5444091 5.4724413,
-1.4988315 0.4675614 5.4724413,
-0.3346469 0.4205378 5.4140803,
-0.4144453 0.5198551 5.4140803,
-0.7336327 0.7239366 5.4140803,
-1.2348717 0.7239366 5.4140803,
-0.2336504 0.0787402 5.4558354,
-0.2266689 0.0787402 5.4489862,
-0.2477098 0.1845689 5.4493787,
-0.2280717 0.1900150 5.4140803,
-0.2052705 0.0787402 5.4122929,
-0.2030268 0.0787402 5.3939315,
-0.2157441 0.0787402 5.4364524,
-0.2139929 0.0787402 5.4329087,
-0.2356516 0.1879130 5.4330709,
-0.2075122 0.0787402 5.4197976,
-0.2057984 0.0787402 5.4140598,
-0.2202898 0.0787402 5.4427272,
-0.2399878 0.0787402 5.4602516,
-0.2634244 0.1802110 5.4618921,
-0.2428614 0.0787402 5.4616091,
-0.2570516 0.0787402 5.4683102,
-0.2817244 0.1751362 5.4697575,
-0.2619098 0.0787402 5.4696756,
-0.2645327 0.0787402 5.4704122,
-1.6877134 0.0787402 5.4724232,
-1.6867799 0.1751362 5.4697575,
-1.7064823 0.0787402 5.4697941,
-1.7050799 0.1802110 5.4618921,
-1.7141909 0.0787402 5.4673386,
-1.7066161 0.0787402 5.4697508,
-1.7418579 0.0787402 5.4490378,
-1.7374181 0.0787402 5.4537701,
-1.7207945 0.1845689 5.4493787,
-1.7309083 0.0787402 5.4586917,
-1.7255524 0.0787402 5.4614618,
-1.7501890 0.0787402 5.4401591,
-1.7328524 0.1879130 5.4330709,
-1.7546661 0.0787402 5.4333752,
-1.7615555 0.0787402 5.4181480,
-1.7404327 0.1900150 5.4140803,
-1.7623945 0.0787402 5.4140043,
-1.7652197 0.0787402 5.4000492,
-1.6459945 0.2862520 5.4697575,
-1.5877661 0.3893031 5.4697575,
-1.6632323 0.2942213 5.4618921,
-1.6034870 0.3999567 5.4618921,
-1.6780343 0.3010646 5.4493787,
-1.6169866 0.4091051 5.4493787,
-1.6893925 0.3063157 5.4330709,
-1.6273457 0.4161252 5.4330709,
-1.6965327 0.3096165 5.4140803,
-1.6338571 0.4205378 5.4140803,
-1.3258157 0.6243917 5.4697575,
-1.2170894 0.6711748 5.4697575,
-1.3347130 0.6411689 5.4618921,
-1.2231543 0.6891709 5.4618921,
-1.3423535 0.6555760 5.4493787,
-1.2283630 0.7046244 5.4493787,
-1.3482161 0.6666311 5.4330709,
-1.2323591 0.7164823 5.4330709,
-1.3519016 0.6735807 5.4140803,
-0.8662783 0.6997472 5.4697575,
-0.7514146 0.6711748 5.4697575,
-0.8632055 0.7184878 5.4618921,
-0.7453496 0.6891709 5.4618921,
-0.8605665 0.7345803 5.4493787,
-0.7401413 0.7046244 5.4493787,
-0.8585417 0.7469287 5.4330709,
-0.7361449 0.7164823 5.4330709,
-0.8572689 0.7546909 5.4140803,
-0.5429654 0.5606311 5.4697575,
-0.4548744 0.4815736 5.4697575,
-0.5314705 0.5757476 5.4618921,
-0.4410850 0.4946307 5.4618921,
-0.5215996 0.5887283 5.4493787,
-0.4292437 0.5058429 5.4493787,
-0.5140252 0.5986890 5.4330709,
-0.4201571 0.5144469 5.4330709,
-0.5092638 0.6049504 5.4140803,
-1.5540587 0.5198551 5.4140803,
-1.5483469 0.5144469 5.4330709,
-1.5392606 0.5058429 5.4493787,
-1.5274193 0.4946307 5.4618921,
-1.5136295 0.4815736 5.4697575,
-1.4592402 0.6049504 5.4140803,
-1.4544787 0.5986890 5.4330709,
-1.4469047 0.5887283 5.4493787,
-1.4370339 0.5757476 5.4618921,
-1.4255386 0.5606311 5.4697575,
-1.1112354 0.7546909 5.4140803,
-1.1099626 0.7469287 5.4330709,
-1.1079378 0.7345803 5.4493787,
-1.1052988 0.7184878 5.4618921,
-1.1022256 0.6997472 5.4697575,
-0.9842520 0.7093559 5.4697575,
-0.9842520 0.7283465 5.4618921,
-0.9842520 0.7446539 5.4493787,
-0.9842520 0.7571673 5.4330709,
-0.9842520 0.7650335 5.4140803,
-0.6166028 0.6735807 5.4140803,
-0.6202882 0.6666311 5.4330709,
-0.6261508 0.6555760 5.4493787,
-0.6337909 0.6411689 5.4618921,
-0.6426882 0.6243917 5.4697575,
-0.3411587 0.4161252 5.4330709,
-0.3515173 0.4091051 5.4493787,
-0.3650169 0.3999567 5.4618921,
-0.3807378 0.3893031 5.4697575,
-0.2719717 0.3096165 5.4140803,
-0.2791114 0.3063157 5.4330709,
-0.2904697 0.3010646 5.4493787,
-0.3052720 0.2942213 5.4618921,
-0.3225094 0.2862520 5.4697575,
-0.1968504 -1.2992126 2.7559059,
-0.1968504 -1.6929134 2.7559059,
-0.1968504 1.4566929 2.7559059,
-0.1968504 1.0629921 2.7559059,
-2.1652524 -1.2992126 2.7559059,
-2.1652524 -1.6929134 2.7559059,
-2.1652524 1.4566929 2.7559059,
-2.1652524 1.0629921 2.7559059,
-1.1614173 -0.1574803 -1.2598425,
-1.1614173 0.1574803 -1.2598425,
-0.9217228 0.1574803 -1.5748031,
-1.0467811 0.1574803 -1.5748031,
-0.8070866 0.1574803 -1.2598425,
-0.8070866 -0.1574803 -1.2598425,
-0.9217228 -0.1574803 -1.5748031,
-1.0467811 -0.1574803 -1.5748031,
-1.4853642 2.0433071 1.1367185,
-1.6082760 2.0433071 0.8217579,
-1.5621839 2.0433071 0.8217579,
-1.5303157 2.0433071 0.9101004,
-1.4002024 2.0433071 0.9101004,
-1.3701350 2.0433071 0.8217579,
-1.3240429 2.0433071 0.8217579,
-1.4431134 2.0433071 1.1367185,
-1.4108252 2.0433071 0.9446697,
-1.4578173 2.0433071 1.0762232,
-1.4608484 2.0433071 1.0871465,
-1.4628587 2.0433071 1.0983091,
-1.4638787 2.0433071 1.0983091,
-1.4659339 2.0433071 1.0871803,
-1.4687402 2.0433071 1.0762232,
-1.5161524 2.0433071 0.9446697,
-1.4108252 2.0472441 0.9446697,
-1.5161524 2.0472441 0.9446697,
-1.4578173 2.0472441 1.0762232,
-1.4608484 2.0472441 1.0871465,
-1.4628587 2.0472441 1.0983091,
-1.4638787 2.0472441 1.0983091,
-1.4659339 2.0472441 1.0871803,
-1.4687402 2.0472441 1.0762232,
-1.1331343 2.0433071 0.8217579,
-1.0474921 2.0433071 0.8217579,
-1.0474921 2.0433071 1.1367185,
-1.1363752 2.0433071 1.1367185,
-1.3009969 2.0433071 0.9831996,
-1.2987083 2.0433071 1.0128354,
-1.2902488 2.0433071 1.0438681,
-1.2756114 2.0433071 1.0709547,
-1.2533390 2.0433071 1.0956516,
-1.2530098 2.0433071 1.0959406,
-1.2187287 2.0433071 1.1189150,
-1.1818780 2.0433071 1.1318547,
-1.1721051 2.0433071 0.8251598,
-1.2083972 2.0433071 0.8359772,
-1.2412831 2.0433071 0.8550886,
-1.2672079 2.0433071 0.8799106,
-1.2852697 2.0433071 0.9080819,
-1.2965776 2.0433071 0.9410488,
-1.2377764 2.0433071 1.0579827,
-1.2224776 2.0433071 1.0742268,
-1.1994717 2.0433071 1.0890890,
-1.1734732 2.0433071 1.0981874,
-1.1361949 2.0433071 1.1021496,
-1.0897429 2.0433071 1.1021496,
-1.0897429 2.0433071 0.8563272,
-1.1344547 2.0433071 0.8563272,
-1.1676831 2.0433071 0.8594197,
-1.1941874 2.0433071 0.8676929,
-1.2156673 2.0433071 0.8804480,
-1.2333327 2.0433071 0.8978961,
-1.2466169 2.0433071 0.9196118,
-1.2558547 2.0433071 0.9492181,
-1.2587465 2.0433071 0.9822992,
-1.2560705 2.0433071 1.0136457,
-1.2487181 2.0433071 1.0385571,
-1.1361949 2.0472441 1.1021496,
-1.0897429 2.0472441 1.1021496,
-1.1734732 2.0472441 1.0981874,
-1.1994717 2.0472441 1.0890890,
-1.2224776 2.0472441 1.0742268,
-1.2377764 2.0472441 1.0579827,
-1.2487181 2.0472441 1.0385571,
-1.2560705 2.0472441 1.0136457,
-1.2587465 2.0472441 0.9822992,
-1.2558547 2.0472441 0.9492181,
-1.2466169 2.0472441 0.9196118,
-1.2333327 2.0472441 0.8978961,
-1.2156673 2.0472441 0.8804480,
-1.1941874 2.0472441 0.8676929,
-1.1676831 2.0472441 0.8594197,
-1.1344547 2.0472441 0.8563272,
-1.0897429 2.0472441 0.8563272,
-0.9860366 2.0433071 0.8563272,
-0.9860366 2.0433071 0.8217579,
-0.8170331 2.0433071 0.8217579,
-0.8170331 2.0433071 1.1367185,
-0.9783543 2.0433071 1.1367185,
-0.9783543 2.0433071 1.1021496,
-0.8592839 2.0433071 1.1021496,
-0.8592839 2.0433071 0.9984433,
-0.9706724 2.0433071 0.9984433,
-0.9706724 2.0433071 0.9638744,
-0.8592839 2.0433071 0.9638744,
-0.8592839 2.0433071 0.8563272,
-0.7555776 2.0433071 0.8726512,
-0.7555776 2.0433071 0.8380823,
-0.6689154 2.0433071 0.8179173,
-0.6775272 2.0433071 0.8180650,
-0.7220043 2.0433071 0.8242972,
-0.5212776 2.0433071 0.9732972,
-0.5243232 2.0433071 0.9368201,
-0.5338024 2.0433071 0.9034823,
-0.5505811 2.0433071 0.8735343,
-0.5742386 2.0433071 0.8486280,
-0.5995736 2.0433071 0.8324496,
-0.6301008 2.0433071 0.8219417,
-0.6814587 2.0433071 1.1405594,
-0.6498240 2.0433071 1.1379768,
-0.6147118 2.0433071 1.1277764,
-0.5847957 2.0433071 1.1105563,
-0.5563606 2.0433071 1.0832094,
-0.5379000 2.0433071 1.0537626,
-0.5258083 2.0433071 1.0180744,
-0.7191630 2.0433071 1.1379579,
-0.7555776 2.0433071 1.1280764,
-0.7555776 2.0433071 1.0858260,
-0.6818185 2.0433071 1.1059909,
-0.7201004 2.0433071 1.1010173,
-0.5635283 2.0433071 0.9758776,
-0.5650307 2.0433071 1.0003831,
-0.5734260 2.0433071 1.0341008,
-0.5864110 2.0433071 1.0584193,
-0.6054307 2.0433071 1.0794165,
-0.6272307 2.0433071 1.0940000,
-0.6508047 2.0433071 1.1025079,
-0.6747366 2.0433071 0.8524858,
-0.6453598 2.0433071 0.8557811,
-0.6224102 2.0433071 0.8642299,
-0.6030803 2.0433071 0.8772583,
-0.5883008 2.0433071 0.8928512,
-0.5752744 2.0433071 0.9146902,
-0.5667173 2.0433071 0.9417811,
-0.7499327 2.0433071 0.8695244,
-0.7165449 2.0433071 0.8571260,
-0.4943906 2.0433071 0.8563272,
-0.4943906 2.0433071 0.8217579,
-0.3330693 2.0433071 0.8217579,
-0.3330693 2.0433071 1.1367185,
-0.3753201 2.0433071 1.1367185,
-0.3753201 2.0433071 0.8563272,
1.4763780 1.9530547 1.7215787,
1.4763780 1.9330913 1.7473043,
1.4763780 1.9091598 1.7693878,
1.4763780 1.1417323 1.8110244,
1.4763780 1.1417323 1.6929126,
1.4763780 1.7880878 1.8110244,
1.4763780 1.9685039 1.6929126,
1.4763780 1.8205394 1.8083307,
1.4763780 1.8521031 1.8003244,
1.4763780 1.8819154 1.7872236,
0.4921260 1.9685039 1.6929126,
0.4921260 1.1417323 1.6929126,
0.4921260 1.1417323 1.8110244,
0.4921260 1.7880878 1.8110244,
0.4921260 1.8205394 1.8083307,
0.4921260 1.8521031 1.8003244,
0.4921260 1.8819154 1.7872236,
0.4921260 1.9091598 1.7693878,
0.4921260 1.9530547 1.7215787,
0.4921260 1.9330913 1.7473043,
1.2866854 2.0472441 1.1059909,
1.3176992 2.0472441 1.1025079,
1.2185713 2.0472441 0.8695244,
1.1514709 2.0472441 1.1367185,
1.2592134 2.0472441 1.1386390,
1.2493409 2.0472441 1.1379579,
1.2129264 2.0472441 1.1280764,
1.2129264 2.0472441 1.0858260,
1.1514709 2.0472441 0.8217579,
0.9901492 2.0472441 1.1021496,
0.9517398 2.0472441 0.0000000,
0.9517398 2.0472441 1.1386390,
0.9901492 2.0472441 1.1367185,
1.1092201 2.0472441 1.1021496,
1.1092201 2.0472441 0.9984433,
1.2484035 2.0472441 1.1010173,
1.2129264 2.0472441 0.8726512,
1.1092201 2.0472441 0.9638744,
1.1092201 2.0472441 0.8563272,
0.9978315 2.0472441 0.9638744,
0.9824673 2.0472441 0.8563272,
0.9978315 2.0472441 0.9984433,
1.4306039 2.0472441 1.0537626,
1.4121433 2.0472441 1.0832094,
1.5931835 2.0472441 1.1367185,
1.3837083 2.0472441 1.1105563,
1.3537921 2.0472441 1.1277764,
1.9685039 2.0472441 1.1386390,
1.9685039 2.0472441 0.0000000,
1.6354346 2.0472441 0.8217579,
0.9824673 2.0472441 0.8217579,
1.3186803 2.0472441 1.1379768,
1.3105697 2.0472441 1.1386390,
1.6354346 2.0472441 1.1367185,
1.3412732 2.0472441 1.0940000,
1.3630732 2.0472441 1.0794165,
1.3820929 2.0472441 1.0584193,
1.4049756 2.0472441 0.9758776,
1.4017866 2.0472441 0.9417811,
1.3932295 2.0472441 0.9146902,
1.3231445 2.0472441 0.8557811,
1.2937673 2.0472441 0.8524858,
1.3460937 2.0472441 0.8642299,
1.3654236 2.0472441 0.8772583,
1.3802031 2.0472441 0.8928512,
1.2519591 2.0472441 0.8571260,
1.3950780 2.0472441 1.0341008,
1.4034732 2.0472441 1.0003831,
1.5931835 2.0472441 0.8563272,
1.4472264 2.0472441 0.9732972,
1.4426957 2.0472441 1.0180744,
1.3689303 2.0472441 0.8324496,
1.3942654 2.0472441 0.8486280,
1.4741134 2.0472441 0.8217579,
1.4179228 2.0472441 0.8735343,
1.4741134 2.0472441 0.8563272,
1.4347016 2.0472441 0.9034823,
1.4441807 2.0472441 0.9368201,
1.2129264 2.0472441 0.8380823,
1.2464996 2.0472441 0.8242972,
1.2909768 2.0472441 0.8180650,
1.2995886 2.0472441 0.8179173,
1.3384031 2.0472441 0.8219417,
1.9685039 2.0472441 1.8897638,
1.4763780 2.0472441 1.8897638,
1.2870457 2.0472441 1.1405594,
0.9517398 2.0472441 1.8897638,
0.4921260 2.0472441 1.8897638,
0.4381882 2.0472441 0.9101004,
0.5683016 2.0472441 0.9101004,
0.4063201 2.0472441 0.8217579,
0.5983693 2.0472441 0.8217579,
0.3602280 2.0472441 0.8217579,
0.6444610 2.0472441 0.8217579,
0.4831398 2.0472441 1.1367185,
0.5253906 2.0472441 1.1367185,
0.8321291 2.0472441 1.1367185,
0.7866260 2.0472441 1.1318547,
0.7497752 2.0472441 1.1189150,
0.7154945 2.0472441 1.0959406,
0.6832343 2.0472441 0.9080819,
0.7012965 2.0472441 0.8799106,
0.7272205 2.0472441 0.8550886,
0.7601067 2.0472441 0.8359772,
0.7151650 2.0472441 1.0956516,
0.6928925 2.0472441 1.0709547,
0.6782551 2.0472441 1.0438681,
0.7963988 2.0472441 0.8251598,
0.8353697 2.0472441 0.8217579,
0.9210118 2.0472441 0.8217579,
0.9210118 2.0472441 1.1367185,
0.6697957 2.0472441 1.0128354,
0.6675067 2.0472441 0.9831996,
0.6719264 2.0472441 0.9410488,
-0.1967484 1.0629921 0.0000000,
-0.1967484 1.4566929 0.0000000,
0.0000000 1.1547374 0.0000000,
0.0000000 1.3649476 0.0000000,
-0.1967484 -1.6929134 0.0000000,
-0.1967484 -1.2992126 0.0000000,
0.0000000 -1.6011681 0.0000000,
0.0000000 -1.3909579 0.0000000,
1.7716535 1.0629921 0.0000000,
1.1614173 -0.1574803 0.0000000,
1.1614173 0.1574803 0.0000000,
1.7716535 -1.2992126 0.0000000,
1.9685039 1.1547850 0.0000000,
1.9685039 -1.3910055 0.0000000,
1.9685039 -1.6011205 0.0000000,
1.9685039 -2.0866142 0.0000000,
1.7716535 -1.6929134 0.0000000,
0.8070866 -0.1574803 0.0000000,
0.8070866 0.1574803 0.0000000,
1.7716535 1.4566929 0.0000000,
1.9685039 1.3649000 0.0000000,
0.0000000 -1.3909579 2.7559059,
0.0000000 1.1547374 2.7559059,
0.0000000 1.3649476 2.7559059,
0.0000000 -1.6011681 2.7559059,
0.4921260 -1.8897638 0.7874012,
1.4763780 -1.8897638 0.7874012,
0.4921260 -1.6929134 0.7874012,
1.4763780 -1.6929134 0.7874012,
1.4763780 -1.6888890 0.8179705,
1.4763780 -1.6053724 0.9014874,
1.4763780 -1.6338583 0.8896882,
1.4763780 -1.8897638 2.1653539,
1.4763780 -1.6583197 0.8709181,
1.4763780 -1.6770898 0.8464567,
1.4763780 -0.1181102 1.6606882,
1.4763780 -0.1181102 0.9055118,
1.4763780 -1.2992126 1.6606882,
1.4763780 -1.5748031 0.9055118,
1.4763780 -1.4011098 1.6741035,
1.4763780 -1.4960630 1.7134346,
1.4763780 -1.5776012 1.7760004,
1.4763780 -1.6929134 2.1653539,
1.4763780 -1.6929134 2.0543890,
1.4763780 -1.6794984 1.9524917,
1.4763780 -1.6401673 1.8575386,
0.4921260 -1.6929134 2.0543890,
0.4921260 -1.6929134 2.1653539,
0.4921260 -1.8897638 2.1653539,
0.4921260 -1.6338583 0.8896882,
0.4921260 -1.6053724 0.9014874,
0.4921260 -1.6888890 0.8179705,
0.4921260 -1.6770898 0.8464567,
0.4921260 -1.6583197 0.8709181,
0.4921260 -0.1181102 0.9055118,
0.4921260 -0.1181102 1.6606882,
0.4921260 -1.5748031 0.9055118,
0.4921260 -1.2992126 1.6606882,
0.4921260 -1.4011098 1.6741035,
0.4921260 -1.4960630 1.7134346,
0.4921260 -1.5776012 1.7760004,
0.4921260 -1.6401673 1.8575386,
0.4921260 -1.6794984 1.9524917,
1.6274961 -0.3170701 5.4724413,
1.6671413 -0.2090606 5.4724413,
0.5553008 -0.5837791 5.4724413,
1.6860449 -0.1181102 5.4724413,
0.2824587 -0.1181102 5.4724413,
0.3013626 -0.2090606 5.4724413,
0.3410075 -0.3170701 5.4724413,
0.3976083 -0.4172406 5.4724413,
0.4696724 -0.5069315 5.4724413,
0.6522362 -0.6457575 5.4724413,
0.7579232 -0.6912327 5.4724413,
1.4988311 -0.5069315 5.4724413,
1.5708957 -0.4172406 5.4724413,
1.2105807 -0.6912327 5.4724413,
1.3162677 -0.6457575 5.4724413,
1.0989276 -0.7190067 5.4724413,
0.9842520 -0.7283465 5.4724413,
0.8695760 -0.7190067 5.4724413,
1.4132031 -0.5837791 5.4724413,
0.2756193 -0.3608787 5.3937008,
0.3324256 -0.4614130 5.3937008,
0.3340598 -0.4603055 5.4112220,
0.3706583 -0.5089976 5.3937008,
0.4124972 -0.5610701 5.3937008,
0.4139307 -0.5597126 5.4112220,
0.6433579 -0.7273740 5.3937008,
0.7327756 -0.7658492 5.3937008,
0.7334059 -0.7639783 5.4112220,
1.1588736 -0.7849669 5.3937008,
1.2357283 -0.7658492 5.3937008,
1.2350976 -0.7639783 5.4112220,
1.4743437 -0.6343587 5.3937008,
1.5560067 -0.5610701 5.3937008,
1.5545732 -0.5597126 5.4112220,
1.5978453 -0.5089976 5.3937008,
1.6360780 -0.4614130 5.3937008,
1.6344441 -0.4603055 5.4112220,
0.2183547 -0.1945449 5.3937008,
0.2254858 -0.2301024 5.3937008,
0.2273882 -0.2295748 5.4112220,
1.6840256 -0.2137429 5.4704669,
1.7037173 -0.1181102 5.4703386,
1.7048685 -0.1181102 5.4702012,
1.7000630 -0.2181902 5.4646437,
1.7125906 -0.1181102 5.4679201,
1.7264642 -0.2255114 5.4427949,
1.7361091 -0.1181102 5.4548465,
1.7144496 -0.2221799 5.4552622,
1.7294972 -0.1181102 5.4596268,
1.7202791 -0.1181102 5.4641488,
1.7571280 -0.1181102 5.4276409,
1.7537988 -0.1181102 5.4348138,
1.7355039 -0.2280185 5.4278650,
1.7491752 -0.1181102 5.4415047,
1.7480323 -0.1181102 5.4426717,
1.7616067 -0.1181102 5.4179909,
1.7411154 -0.2295748 5.4112220,
1.7634441 -0.1181102 5.4112102,
1.7430177 -0.2301024 5.3937008,
1.7501488 -0.1945449 5.3937008,
1.7654776 -0.1181102 5.3937008,
1.7637079 -0.1181102 5.4102378,
0.2330000 -0.2280185 5.4278650,
0.2069484 -0.1181102 5.4181480,
0.2054217 -0.1181102 5.4111350,
0.2035035 -0.1181102 5.4023252,
0.2030260 -0.1181102 5.3937008,
0.2420398 -0.2255114 5.4427949,
0.2148067 -0.1181102 5.4349791,
0.2113795 -0.1181102 5.4276382,
0.2540543 -0.2221799 5.4552622,
0.2324039 -0.1181102 5.4548539,
0.2193142 -0.1181102 5.4414858,
0.2555906 -0.1181102 5.4678059,
0.2482256 -0.1181102 5.4641520,
0.2684409 -0.2181902 5.4646437,
0.2386933 -0.1181102 5.4594232,
0.2329339 -0.1181102 5.4552382,
0.2630252 -0.1181102 5.4700520,
0.2844783 -0.2137429 5.4704669,
0.2647961 -0.1181102 5.4702697,
1.6434004 -0.3244224 5.4704669,
1.5854000 -0.4270697 5.4704669,
1.6585067 -0.3314067 5.4646437,
1.5991772 -0.4364063 5.4646437,
1.6720583 -0.3376717 5.4552622,
1.6115362 -0.4447815 5.4552622,
1.6833748 -0.3429039 5.4427949,
1.6218575 -0.4517760 5.4427949,
1.6918902 -0.3468406 5.4278650,
1.6296228 -0.4570386 5.4278650,
1.6971760 -0.3492843 5.4112220,
1.3244768 -0.6612366 5.4704669,
1.2161764 -0.7078366 5.4704669,
1.3322740 -0.6759398 5.4646437,
1.2214917 -0.7236075 5.4646437,
1.3392685 -0.6891295 5.4552622,
1.2262598 -0.7377555 5.4552622,
1.3451098 -0.7001445 5.4427949,
1.2302417 -0.7495701 5.4427949,
1.3495051 -0.7084319 5.4278650,
1.2332378 -0.7584598 5.4278650,
1.3522335 -0.7135768 5.4112220,
0.8667409 -0.7362969 5.4704669,
0.7523272 -0.7078366 5.4704669,
0.8640476 -0.7527205 5.4646437,
0.7470122 -0.7236075 5.4646437,
0.8616319 -0.7674531 5.4552622,
0.7422437 -0.7377555 5.4552622,
0.8596142 -0.7797567 5.4427949,
0.7382618 -0.7495701 5.4427949,
0.8580961 -0.7890138 5.4278650,
0.7352657 -0.7584598 5.4278650,
0.8571539 -0.7947606 5.4112220,
0.5446953 -0.5977260 5.4704669,
0.4569496 -0.5189783 5.4704669,
0.5346217 -0.6109736 5.4646437,
0.4448650 -0.5304213 5.4646437,
0.5255846 -0.6228575 5.4552622,
0.4340240 -0.5406862 5.4552622,
0.5180378 -0.6327819 5.4427949,
0.4249709 -0.5492587 5.4427949,
0.5123594 -0.6402492 5.4278650,
0.4181591 -0.5557087 5.4278650,
0.5088346 -0.6448846 5.4112220,
1.6989677 -0.3501126 5.3937008,
1.6928846 -0.3608787 5.3937008,
1.5115539 -0.5189783 5.4704669,
1.5236390 -0.5304213 5.4646437,
1.5344795 -0.5406862 5.4552622,
1.5435331 -0.5492587 5.4427949,
1.5503445 -0.5557087 5.4278650,
1.4608638 -0.6464563 5.3937008,
1.4596689 -0.6448846 5.4112220,
1.4561441 -0.6402492 5.4278650,
1.4504657 -0.6327819 5.4427949,
1.4429193 -0.6228575 5.4552622,
1.4338823 -0.6109736 5.4646437,
1.4238087 -0.5977260 5.4704669,
1.3531583 -0.7153209 5.3937008,
1.3251461 -0.7273740 5.3937008,
1.1116693 -0.7967091 5.3937008,
1.1113500 -0.7947606 5.4112220,
1.1104075 -0.7890138 5.4278650,
1.1088894 -0.7797567 5.4427949,
1.1068720 -0.7674531 5.4552622,
1.1044559 -0.7527205 5.4646437,
1.1017630 -0.7362969 5.4704669,
0.9842520 -0.7458677 5.4704669,
0.9842520 -0.7625106 5.4646437,
0.9842520 -0.7774402 5.4552622,
0.9842520 -0.7899079 5.4427949,
0.9842520 -0.7992890 5.4278650,
0.9842520 -0.8051126 5.4112220,
0.9842520 -0.8070866 5.3937008,
0.8568343 -0.7967091 5.3937008,
0.8096299 -0.7849669 5.3937008,
0.6153457 -0.7153209 5.3937008,
0.6162705 -0.7135768 5.4112220,
0.6189988 -0.7084319 5.4278650,
0.6233937 -0.7001445 5.4427949,
0.6292354 -0.6891295 5.4552622,
0.6362299 -0.6759398 5.4646437,
0.6440272 -0.6612366 5.4704669,
0.5076398 -0.6464563 5.3937008,
0.4941602 -0.6343587 5.3937008,
0.3388807 -0.4570386 5.4278650,
0.3466465 -0.4517760 5.4427949,
0.3569677 -0.4447815 5.4552622,
0.3693264 -0.4364063 5.4646437,
0.3831039 -0.4270697 5.4704669,
0.2695358 -0.3501126 5.3937008,
0.2713280 -0.3492843 5.4112220,
0.2766138 -0.3468406 5.4278650,
0.2851287 -0.3429039 5.4427949,
0.2964457 -0.3376717 5.4552622,
0.3099972 -0.3314067 5.4646437,
0.3251035 -0.3244224 5.4704669,
1.9685039 -1.6011205 2.7559059,
1.9685039 -1.3910055 2.7559059,
1.9685039 1.0800933 5.5511811,
1.9685039 -2.0866142 2.7952756,
1.9685039 1.0973835 5.5492594,
1.9685039 1.1547850 2.7559059,
1.9685039 1.3649000 2.7559059,
1.9685039 1.1565307 5.4913441,
1.9685039 -1.9881890 2.9657535,
1.9685039 -2.0289579 2.9344697,
1.9685039 -1.1970882 5.4934551,
1.9685039 -1.8897638 2.9921260,
1.9685039 -1.9407126 2.9854185,
1.9685039 -2.0602413 2.8937016,
1.9685039 -2.0799067 2.8462240,
1.9685039 1.1505138 5.5076685,
1.9685039 1.1410598 5.5222720,
1.9685039 1.1286295 5.5344429,
1.9685039 1.1138299 5.5435878,
1.9685039 -1.1212039 5.5511811,
1.9685039 -1.1414563 5.5485323,
1.9685039 -1.1603457 5.5407634,
1.9685039 -1.1766020 5.5283972,
1.9685039 -1.1891303 5.5122657,
1.7125984 -2.0866142 2.6377953,
0.2559055 -2.0866142 2.6377953,
0.2559055 -2.0866142 0.6299217,
1.7125984 -2.0866142 0.6299217,
1.8110236 -0.0196850 5.5511811,
1.7902945 -0.2036591 5.5511811,
1.7291472 -0.3784079 5.5511811,
0.6255291 -0.7645807 5.5511811,
0.4687681 -0.6660811 5.5511811,
0.3378559 -0.5351689 5.5511811,
0.2393563 -0.3784079 5.5511811,
1.6306480 -0.5351689 5.5511811,
1.4997354 -0.6660811 5.5511811,
1.3429748 -0.7645807 5.5511811,
1.1682260 -0.8257280 5.5511811,
0.9842520 -0.8464567 5.5511811,
0.8002780 -0.8257280 5.5511811,
0.1782091 -0.2036591 5.5511811,
0.1574803 -0.0196850 5.5511811,
0.1782091 0.1642890 5.5511811,
0.2393563 0.3390378 5.5511811,
1.6306480 0.4957984 5.5511811,
1.4997354 0.6267110 5.5511811,
1.3429748 0.7252106 5.5511811,
1.7291472 0.3390378 5.5511811,
1.7902945 0.1642890 5.5511811,
0.3378559 0.4957984 5.5511811,
0.4687681 0.6267110 5.5511811,
0.6255291 0.7252106 5.5511811,
0.8002780 0.7863575 5.5511811,
0.9842520 0.8070866 5.5511811,
1.1682260 0.7863575 5.5511811,
1.4763780 1.5748031 3.8000689,
0.4921260 1.5748031 3.8000689,
1.4763780 1.5748031 2.4803150,
1.4763780 1.9685039 1.8897638,
1.4763780 1.3779528 1.8897638,
1.4763780 1.1417323 1.8897638,
0.4921260 1.5748031 2.4803150,
0.4921260 1.1417323 1.8897638,
0.4921260 1.3779528 1.8897638,
0.4921260 1.9685039 1.8897638,
1.8110236 -0.0196850 5.1574803,
1.7902945 0.1642890 5.1574803,
1.7291472 0.3390378 5.1574803,
1.6306480 0.4957984 5.1574803,
1.4997354 0.6267110 5.1574803,
1.3429748 0.7252106 5.1574803,
1.1682260 0.7863575 5.1574803,
0.9842520 0.8070866 5.1574803,
0.8002780 0.7863575 5.1574803,
0.6255291 0.7252106 5.1574803,
0.4687681 0.6267110 5.1574803,
0.3378559 0.4957984 5.1574803,
0.2393563 0.3390378 5.1574803,
0.1782091 0.1642890 5.1574803,
0.1574803 -0.0196850 5.1574803,
0.1782091 -0.2036591 5.1574803,
0.2393563 -0.3784079 5.1574803,
0.3378559 -0.5351689 5.1574803,
0.4687681 -0.6660811 5.1574803,
0.6255291 -0.7645807 5.1574803,
0.8002780 -0.8257280 5.1574803,
0.9842520 -0.8464567 5.1574803,
1.1682260 -0.8257280 5.1574803,
1.3429748 -0.7645807 5.1574803,
1.4997354 -0.6660811 5.1574803,
1.6306480 -0.5351689 5.1574803,
1.7291472 -0.3784079 5.1574803,
1.7902945 -0.2036591 5.1574803,
0.2165921 0.1555283 5.1574803,
0.1968504 -0.0196850 5.1574803,
0.2165921 -0.1948984 5.1574803,
0.2748276 -0.3613260 5.1574803,
0.3686366 -0.5106220 5.1574803,
0.4933150 -0.6353004 5.1574803,
0.6426110 -0.7291094 5.1574803,
0.8090386 -0.7873449 5.1574803,
0.9842520 -0.8070866 5.1574803,
1.1594654 -0.7873449 5.1574803,
1.3258929 -0.7291094 5.1574803,
1.4751890 -0.6353004 5.1574803,
1.5998673 -0.5106220 5.1574803,
1.6936760 -0.3613260 5.1574803,
1.7519118 -0.1948984 5.1574803,
1.7716535 -0.0196850 5.1574803,
1.7519118 0.1555283 5.1574803,
1.6936760 0.3219555 5.1574803,
1.5998673 0.4712516 5.1574803,
1.4751890 0.5959303 5.1574803,
1.3258929 0.6897394 5.1574803,
1.1594654 0.7479748 5.1574803,
0.9842520 0.7677165 5.1574803,
0.8090386 0.7479748 5.1574803,
0.6426110 0.6897394 5.1574803,
0.4933150 0.5959303 5.1574803,
0.3686366 0.4712516 5.1574803,
0.2748276 0.3219555 5.1574803,
1.7654776 -0.1181102 5.3149610,
1.7716535 -0.0196850 5.3149610,
1.7654776 0.0787402 5.3149610,
1.7654776 0.0787402 5.3937008,
1.7501488 0.1551748 5.3937008,
0.2030260 0.0787402 5.3937008,
0.2183547 0.1551748 5.3937008,
0.2030260 0.0787402 5.3149610,
0.1968504 -0.0196850 5.3149610,
0.2030260 -0.1181102 5.3149610,
1.7430177 0.1907319 5.3937008,
1.6989677 0.3107425 5.3937008,
1.6360780 0.4220429 5.3937008,
1.6928846 0.3215083 5.3937008,
1.5560067 0.5217000 5.3937008,
1.5978453 0.4696276 5.3937008,
1.3251461 0.6880039 5.3937008,
1.3531583 0.6759508 5.3937008,
1.4608638 0.6070862 5.3937008,
1.4743437 0.5949886 5.3937008,
1.2357283 0.7264791 5.3937008,
1.1588736 0.7455969 5.3937008,
1.1116693 0.7573386 5.3937008,
0.9842520 0.7677165 5.3937008,
0.8568343 0.7573386 5.3937008,
0.8096299 0.7455969 5.3937008,
0.7327756 0.7264791 5.3937008,
0.6433579 0.6880039 5.3937008,
0.6153457 0.6759508 5.3937008,
0.5076398 0.6070862 5.3937008,
0.4124972 0.5217000 5.3937008,
0.4941602 0.5949886 5.3937008,
0.3324256 0.4220429 5.3937008,
0.3706583 0.4696276 5.3937008,
0.2254858 0.1907319 5.3937008,
0.2695358 0.3107425 5.3937008,
0.2756193 0.3215083 5.3937008,
0.2824587 0.0787402 5.4724413,
1.6860449 0.0787402 5.4724413,
0.3013626 0.1696902 5.4724413,
1.6671413 0.1696902 5.4724413,
1.6274961 0.2776996 5.4724413,
1.5708957 0.3778701 5.4724413,
1.4988311 0.4675614 5.4724413,
1.4132031 0.5444091 5.4724413,
1.0989276 0.6796362 5.4724413,
0.9842520 0.6889764 5.4724413,
0.5553008 0.5444091 5.4724413,
0.4696724 0.4675614 5.4724413,
0.3976083 0.3778701 5.4724413,
1.3162677 0.6063874 5.4724413,
1.2105807 0.6518626 5.4724413,
0.8695760 0.6796362 5.4724413,
0.7579232 0.6518626 5.4724413,
0.3410075 0.2776996 5.4724413,
0.6522362 0.6063874 5.4724413,
1.6338575 0.4205378 5.4140803,
1.5540583 0.5198551 5.4140803,
1.2348713 0.7239366 5.4140803,
0.7336323 0.7239366 5.4140803,
1.7348535 0.0787402 5.4558354,
1.7418346 0.0787402 5.4489862,
1.7207941 0.1845689 5.4493787,
1.7404323 0.1900150 5.4140803,
1.7632339 0.0787402 5.4122929,
1.7654772 0.0787402 5.3939315,
1.7527598 0.0787402 5.4364524,
1.7545110 0.0787402 5.4329087,
1.7328524 0.1879130 5.4330709,
1.7609917 0.0787402 5.4197976,
1.7627055 0.0787402 5.4140598,
1.7482142 0.0787402 5.4427272,
1.7285161 0.0787402 5.4602516,
1.7050795 0.1802110 5.4618921,
1.7256429 0.0787402 5.4616091,
1.7114528 0.0787402 5.4683102,
1.6867795 0.1751362 5.4697575,
1.7065941 0.0787402 5.4696756,
1.7039713 0.0787402 5.4704122,
0.2807906 0.0787402 5.4724232,
0.2817240 0.1751362 5.4697575,
0.2620220 0.0787402 5.4697941,
0.2634240 0.1802110 5.4618921,
0.2543130 0.0787402 5.4673386,
0.2618878 0.0787402 5.4697508,
0.2266461 0.0787402 5.4490378,
0.2310858 0.0787402 5.4537701,
0.2477094 0.1845689 5.4493787,
0.2375957 0.0787402 5.4586917,
0.2429516 0.0787402 5.4614618,
0.2183150 0.0787402 5.4401591,
0.2356516 0.1879130 5.4330709,
0.2138378 0.0787402 5.4333752,
0.2069484 0.0787402 5.4181480,
0.2280713 0.1900150 5.4140803,
0.2061094 0.0787402 5.4140043,
0.2032846 0.0787402 5.4000492,
0.3225094 0.2862520 5.4697575,
0.3807378 0.3893031 5.4697575,
0.3052717 0.2942213 5.4618921,
0.3650169 0.3999567 5.4618921,
0.2904697 0.3010646 5.4493787,
0.3515173 0.4091051 5.4493787,
0.2791114 0.3063157 5.4330709,
0.3411583 0.4161252 5.4330709,
0.2719713 0.3096165 5.4140803,
0.3346465 0.4205378 5.4140803,
0.6426882 0.6243917 5.4697575,
0.7514146 0.6711748 5.4697575,
0.6337909 0.6411689 5.4618921,
0.7453492 0.6891709 5.4618921,
0.6261504 0.6555760 5.4493787,
0.7401409 0.7046244 5.4493787,
0.6202878 0.6666311 5.4330709,
0.7361449 0.7164823 5.4330709,
0.6166024 0.6735807 5.4140803,
1.1022256 0.6997472 5.4697575,
1.2170894 0.6711748 5.4697575,
1.1052984 0.7184878 5.4618921,
1.2231543 0.6891709 5.4618921,
1.1079374 0.7345803 5.4493787,
1.2283626 0.7046244 5.4493787,
1.1099622 0.7469287 5.4330709,
1.2323591 0.7164823 5.4330709,
1.1112350 0.7546909 5.4140803,
1.4255386 0.5606311 5.4697575,
1.5136295 0.4815736 5.4697575,
1.4370335 0.5757476 5.4618921,
1.5274189 0.4946307 5.4618921,
1.4469043 0.5887283 5.4493787,
1.5392606 0.5058429 5.4493787,
1.4544787 0.5986890 5.4330709,
1.5483465 0.5144469 5.4330709,
1.4592402 0.6049504 5.4140803,
0.4144453 0.5198551 5.4140803,
0.4201571 0.5144469 5.4330709,
0.4292433 0.5058429 5.4493787,
0.4410846 0.4946307 5.4618921,
0.4548744 0.4815736 5.4697575,
0.5092638 0.6049504 5.4140803,
0.5140252 0.5986890 5.4330709,
0.5215992 0.5887283 5.4493787,
0.5314705 0.5757476 5.4618921,
0.5429654 0.5606311 5.4697575,
0.8572685 0.7546909 5.4140803,
0.8585413 0.7469287 5.4330709,
0.8605661 0.7345803 5.4493787,
0.8632051 0.7184878 5.4618921,
0.8662783 0.6997472 5.4697575,
0.9842520 0.7093559 5.4697575,
0.9842520 0.7283465 5.4618921,
0.9842520 0.7446539 5.4493787,
0.9842520 0.7571673 5.4330709,
0.9842520 0.7650335 5.4140803,
1.3519012 0.6735807 5.4140803,
1.3482157 0.6666311 5.4330709,
1.3423531 0.6555760 5.4493787,
1.3347130 0.6411689 5.4618921,
1.3258157 0.6243917 5.4697575,
1.6273453 0.4161252 5.4330709,
1.6169866 0.4091051 5.4493787,
1.6034870 0.3999567 5.4618921,
1.5877661 0.3893031 5.4697575,
1.6965323 0.3096165 5.4140803,
1.6893925 0.3063157 5.4330709,
1.6780343 0.3010646 5.4493787,
1.6632319 0.2942213 5.4618921,
1.6459945 0.2862520 5.4697575,
1.7716535 -1.2992126 2.7559059,
1.7716535 -1.6929134 2.7559059,
1.7716535 1.4566929 2.7559059,
1.7716535 1.0629921 2.7559059,
-0.1967484 -1.2992126 2.7559059,
-0.1967484 -1.6929134 2.7559059,
-0.1967484 1.4566929 2.7559059,
-0.1967484 1.0629921 2.7559059,
0.8070866 -0.1574803 -1.2598425,
0.8070866 0.1574803 -1.2598425,
1.0467811 0.1574803 -1.5748031,
0.9217228 0.1574803 -1.5748031,
1.1614173 0.1574803 -1.2598425,
1.1614173 -0.1574803 -1.2598425,
1.0467811 -0.1574803 -1.5748031,
0.9217228 -0.1574803 -1.5748031,
0.4831398 2.0433071 1.1367185,
0.3602280 2.0433071 0.8217579,
0.4063201 2.0433071 0.8217579,
0.4381882 2.0433071 0.9101004,
0.5683016 2.0433071 0.9101004,
0.5983693 2.0433071 0.8217579,
0.6444610 2.0433071 0.8217579,
0.5253906 2.0433071 1.1367185,
0.5576787 2.0433071 0.9446697,
0.5106866 2.0433071 1.0762232,
0.5076555 2.0433071 1.0871465,
0.5056453 2.0433071 1.0983091,
0.5046252 2.0433071 1.0983091,
0.5025697 2.0433071 1.0871803,
0.4997638 2.0433071 1.0762232,
0.4523516 2.0433071 0.9446697,
0.5576787 2.0472441 0.9446697,
0.4523516 2.0472441 0.9446697,
0.5106866 2.0472441 1.0762232,
0.5076555 2.0472441 1.0871465,
0.5056453 2.0472441 1.0983091,
0.5046252 2.0472441 1.0983091,
0.5025697 2.0472441 1.0871803,
0.4997638 2.0472441 1.0762232,
0.8353697 2.0433071 0.8217579,
0.9210118 2.0433071 0.8217579,
0.9210118 2.0433071 1.1367185,
0.8321291 2.0433071 1.1367185,
0.6675067 2.0433071 0.9831996,
0.6697957 2.0433071 1.0128354,
0.6782551 2.0433071 1.0438681,
0.6928925 2.0433071 1.0709547,
0.7151650 2.0433071 1.0956516,
0.7154945 2.0433071 1.0959406,
0.7497752 2.0433071 1.1189150,
0.7866260 2.0433071 1.1318547,
0.7963988 2.0433071 0.8251598,
0.7601067 2.0433071 0.8359772,
0.7272205 2.0433071 0.8550886,
0.7012965 2.0433071 0.8799106,
0.6832343 2.0433071 0.9080819,
0.6719264 2.0433071 0.9410488,
0.7307276 2.0433071 1.0579827,
0.7460264 2.0433071 1.0742268,
0.7690327 2.0433071 1.0890890,
0.7950307 2.0433071 1.0981874,
0.8323091 2.0433071 1.1021496,
0.8787610 2.0433071 1.1021496,
0.8787610 2.0433071 0.8563272,
0.8340496 2.0433071 0.8563272,
0.8008209 2.0433071 0.8594197,
0.7743165 2.0433071 0.8676929,
0.7528366 2.0433071 0.8804480,
0.7351713 2.0433071 0.8978961,
0.7218870 2.0433071 0.9196118,
0.7126492 2.0433071 0.9492181,
0.7097575 2.0433071 0.9822992,
0.7124335 2.0433071 1.0136457,
0.7197858 2.0433071 1.0385571,
0.8323091 2.0472441 1.1021496,
0.8787610 2.0472441 1.1021496,
0.7950307 2.0472441 1.0981874,
0.7690327 2.0472441 1.0890890,
0.7460264 2.0472441 1.0742268,
0.7307276 2.0472441 1.0579827,
0.7197858 2.0472441 1.0385571,
0.7124335 2.0472441 1.0136457,
0.7097575 2.0472441 0.9822992,
0.7126492 2.0472441 0.9492181,
0.7218870 2.0472441 0.9196118,
0.7351713 2.0472441 0.8978961,
0.7528366 2.0472441 0.8804480,
0.7743165 2.0472441 0.8676929,
0.8008209 2.0472441 0.8594197,
0.8340496 2.0472441 0.8563272,
0.8787610 2.0472441 0.8563272,
0.9824673 2.0433071 0.8563272,
0.9824673 2.0433071 0.8217579,
1.1514709 2.0433071 0.8217579,
1.1514709 2.0433071 1.1367185,
0.9901492 2.0433071 1.1367185,
0.9901492 2.0433071 1.1021496,
1.1092201 2.0433071 1.1021496,
1.1092201 2.0433071 0.9984433,
0.9978315 2.0433071 0.9984433,
0.9978315 2.0433071 0.9638744,
1.1092201 2.0433071 0.9638744,
1.1092201 2.0433071 0.8563272,
1.2129264 2.0433071 0.8726512,
1.2129264 2.0433071 0.8380823,
1.2995886 2.0433071 0.8179173,
1.2909768 2.0433071 0.8180650,
1.2464996 2.0433071 0.8242972,
1.4472264 2.0433071 0.9732972,
1.4441807 2.0433071 0.9368201,
1.4347016 2.0433071 0.9034823,
1.4179228 2.0433071 0.8735343,
1.3942654 2.0433071 0.8486280,
1.3689303 2.0433071 0.8324496,
1.3384031 2.0433071 0.8219417,
1.2870457 2.0433071 1.1405594,
1.3186803 2.0433071 1.1379768,
1.3537921 2.0433071 1.1277764,
1.3837083 2.0433071 1.1105563,
1.4121433 2.0433071 1.0832094,
1.4306039 2.0433071 1.0537626,
1.4426957 2.0433071 1.0180744,
1.2493409 2.0433071 1.1379579,
1.2129264 2.0433071 1.1280764,
1.2129264 2.0433071 1.0858260,
1.2866854 2.0433071 1.1059909,
1.2484035 2.0433071 1.1010173,
1.4049756 2.0433071 0.9758776,
1.4034732 2.0433071 1.0003831,
1.3950780 2.0433071 1.0341008,
1.3820929 2.0433071 1.0584193,
1.3630732 2.0433071 1.0794165,
1.3412732 2.0433071 1.0940000,
1.3176992 2.0433071 1.1025079,
1.2937673 2.0433071 0.8524858,
1.3231445 2.0433071 0.8557811,
1.3460937 2.0433071 0.8642299,
1.3654236 2.0433071 0.8772583,
1.3802031 2.0433071 0.8928512,
1.3932295 2.0433071 0.9146902,
1.4017866 2.0433071 0.9417811,
1.2185713 2.0433071 0.8695244,
1.2519591 2.0433071 0.8571260,
1.4741134 2.0433071 0.8563272,
1.4741134 2.0433071 0.8217579,
1.6354346 2.0433071 0.8217579,
1.6354346 2.0433071 1.1367185,
1.5931835 2.0433071 1.1367185,
1.5931835 2.0433071 0.8563272,
] } coordIndex [
20, 21, 22, -1,
23, 24, 25, -1,
25, 26, 23, -1,
23, 26, 27, -1,
23, 27, 28, -1,
29, 30, 31, -1,
24, 23, 31, -1,
31, 23, 32, -1,
31, 32, 29, -1,
29, 33, 34, -1,
20, 22, 35, -1,
35, 22, 36, -1,
35, 36, 27, -1,
37, 38, 39, -1,
39, 38, 40, -1,
39, 40, 41, -1,
42, 43, 44, -1,
44, 43, 45, -1,
44, 45, 46, -1,
47, 48, 49, -1,
34, 41, 29, -1,
29, 41, 40, -1,
29, 40, 30, -1,
30, 40, 50, -1,
30, 50, 28, -1,
46, 51, 44, -1,
44, 51, 52, -1,
44, 52, 53, -1,
21, 54, 22, -1,
22, 54, 55, -1,
22, 55, 56, -1,
57, 58, 22, -1,
22, 58, 59, -1,
60, 61, 62, -1,
62, 61, 63, -1,
59, 64, 22, -1,
22, 64, 63, -1,
22, 63, 65, -1,
65, 63, 61, -1,
56, 66, 22, -1,
22, 66, 67, -1,
22, 67, 57, -1,
68, 69, 44, -1,
44, 69, 70, -1,
44, 70, 42, -1,
71, 72, 73, -1,
73, 72, 74, -1,
73, 74, 75, -1,
75, 74, 76, -1,
75, 76, 68, -1,
68, 76, 77, -1,
68, 77, 69, -1,
49, 48, 73, -1,
73, 48, 30, -1,
73, 30, 71, -1,
27, 36, 28, -1,
28, 36, 78, -1,
28, 78, 30, -1,
30, 78, 79, -1,
30, 79, 80, -1,
80, 81, 30, -1,
30, 81, 82, -1,
30, 82, 71, -1,
49, 53, 47, -1,
47, 53, 52, -1,
47, 52, 83, -1,
83, 52, 84, -1,
52, 85, 84, -1,
84, 85, 24, -1,
84, 24, 86, -1,
86, 24, 31, -1,
86, 31, 87, -1,
88, 89, 90, -1,
90, 89, 91, -1,
92, 90, 93, -1,
93, 90, 91, -1,
93, 91, 30, -1,
30, 91, 94, -1,
95, 31, 96, -1,
96, 31, 97, -1,
97, 98, 96, -1,
96, 98, 99, -1,
96, 99, 100, -1,
101, 102, 94, -1,
94, 102, 103, -1,
94, 103, 104, -1,
100, 105, 96, -1,
96, 105, 106, -1,
96, 106, 107, -1,
104, 108, 94, -1,
94, 108, 109, -1,
94, 109, 30, -1,
30, 109, 110, -1,
30, 110, 31, -1,
31, 110, 111, -1,
31, 111, 97, -1,
107, 112, 96, -1,
96, 112, 113, -1,
96, 113, 94, -1,
94, 113, 114, -1,
94, 114, 101, -1,
92, 93, 95, -1,
95, 93, 115, -1,
95, 115, 31, -1,
31, 115, 116, -1,
31, 116, 87, -1,
117, 118, 119, -1,
119, 118, 120, -1,
121, 122, 123, -1,
123, 122, 124, -1,
125, 126, 127, -1,
126, 125, 128, -1,
128, 125, 129, -1,
128, 129, 130, -1,
131, 132, 133, -1,
133, 132, 134, -1,
133, 134, 128, -1,
128, 134, 123, -1,
128, 123, 126, -1,
126, 123, 124, -1,
126, 124, 135, -1,
120, 93, 30, -1,
135, 124, 136, -1,
136, 124, 119, -1,
136, 119, 127, -1,
127, 119, 120, -1,
127, 120, 125, -1,
125, 120, 30, -1,
125, 30, 137, -1,
137, 30, 48, -1,
137, 48, 138, -1,
115, 93, 120, -1,
124, 139, 119, -1,
119, 139, 140, -1,
115, 120, 116, -1,
116, 120, 141, -1,
116, 141, 142, -1,
142, 141, 140, -1,
142, 140, 143, -1,
123, 134, 144, -1,
144, 134, 145, -1,
144, 145, 146, -1,
147, 148, 144, -1,
144, 148, 149, -1,
144, 149, 139, -1,
139, 149, 150, -1,
139, 150, 140, -1,
140, 150, 151, -1,
140, 151, 152, -1,
152, 153, 140, -1,
140, 153, 154, -1,
140, 154, 155, -1,
155, 156, 140, -1,
140, 156, 157, -1,
140, 157, 158, -1,
158, 159, 140, -1,
140, 159, 160, -1,
140, 160, 143, -1,
146, 161, 144, -1,
144, 161, 162, -1,
144, 162, 147, -1,
163, 164, 165, -1,
165, 164, 166, -1,
167, 166, 164, -1,
168, 169, 170, -1,
170, 169, 171, -1,
170, 171, 172, -1,
172, 171, 173, -1,
172, 173, 174, -1,
172, 175, 170, -1,
170, 175, 176, -1,
170, 176, 164, -1,
164, 176, 177, -1,
164, 177, 167, -1,
178, 179, 180, -1,
180, 179, 181, -1,
180, 181, 182, -1,
182, 181, 172, -1,
182, 172, 183, -1,
183, 172, 174, -1,
184, 185, 186, -1,
187, 188, 186, -1,
189, 190, 188, -1,
188, 190, 191, -1,
188, 191, 186, -1,
186, 191, 192, -1,
186, 192, 184, -1,
165, 193, 163, -1,
163, 193, 194, -1,
163, 194, 186, -1,
186, 194, 195, -1,
186, 195, 187, -1,
196, 197, 198, -1,
198, 197, 199, -1,
198, 199, 188, -1,
188, 199, 200, -1,
188, 200, 189, -1,
178, 197, 179, -1,
179, 197, 196, -1,
132, 131, 379, -1,
379, 131, 380, -1,
381, 382, 383, -1,
384, 385, 386, -1,
386, 385, 83, -1,
387, 388, 380, -1,
380, 388, 389, -1,
380, 389, 390, -1,
130, 129, 383, -1,
383, 129, 384, -1,
390, 391, 380, -1,
380, 391, 392, -1,
380, 392, 379, -1,
384, 386, 383, -1,
383, 386, 393, -1,
383, 393, 394, -1,
382, 395, 396, -1,
396, 395, 397, -1,
383, 382, 380, -1,
380, 382, 396, -1,
380, 396, 387, -1,
83, 385, 47, -1,
47, 385, 138, -1,
47, 138, 48, -1,
394, 398, 383, -1,
383, 398, 399, -1,
383, 399, 381, -1,
397, 400, 396, -1,
396, 400, 401, -1,
396, 401, 402, -1,
403, 379, 404, -1,
404, 379, 145, -1,
404, 145, 405, -1,
405, 145, 134, -1,
405, 134, 406, -1,
406, 134, 132, -1,
406, 132, 403, -1,
403, 132, 379, -1,
407, 408, 382, -1,
409, 410, 395, -1,
395, 410, 411, -1,
395, 411, 412, -1,
413, 414, 155, -1,
155, 414, 415, -1,
155, 415, 416, -1,
382, 408, 395, -1,
395, 408, 417, -1,
395, 417, 409, -1,
412, 418, 395, -1,
395, 418, 419, -1,
395, 419, 155, -1,
155, 419, 420, -1,
155, 420, 413, -1,
382, 421, 422, -1,
416, 423, 155, -1,
155, 423, 424, -1,
155, 424, 156, -1,
156, 424, 425, -1,
156, 425, 426, -1,
422, 427, 382, -1,
382, 427, 428, -1,
382, 428, 407, -1,
426, 429, 156, -1,
156, 429, 430, -1,
156, 430, 431, -1,
431, 432, 156, -1,
156, 432, 433, -1,
156, 433, 382, -1,
382, 433, 434, -1,
382, 434, 421, -1,
150, 149, 396, -1,
396, 149, 387, -1,
83, 84, 435, -1,
87, 116, 436, -1,
436, 116, 142, -1,
436, 142, 435, -1,
435, 142, 386, -1,
435, 386, 83, -1,
387, 149, 148, -1,
387, 148, 388, -1,
388, 148, 147, -1,
388, 147, 389, -1,
389, 147, 162, -1,
389, 162, 390, -1,
390, 162, 161, -1,
390, 161, 391, -1,
391, 161, 146, -1,
391, 146, 392, -1,
392, 146, 145, -1,
392, 145, 379, -1,
435, 84, 437, -1,
437, 84, 438, -1,
437, 438, 439, -1,
439, 438, 6, -1,
439, 6, 440, -1,
440, 6, 4, -1,
441, 436, 437, -1,
437, 436, 435, -1,
442, 11, 443, -1,
443, 11, 10, -1,
443, 10, 441, -1,
441, 10, 444, -1,
441, 444, 436, -1,
436, 444, 87, -1,
87, 444, 86, -1,
86, 444, 438, -1,
86, 438, 84, -1,
439, 440, 443, -1,
443, 440, 442, -1,
4, 11, 440, -1,
440, 11, 442, -1,
10, 6, 444, -1,
444, 6, 438, -1,
10, 11, 6, -1,
6, 11, 4, -1,
437, 439, 441, -1,
441, 439, 443, -1,
168, 170, 185, -1,
185, 170, 186, -1,
403, 404, 170, -1,
170, 404, 186, -1,
406, 403, 164, -1,
164, 403, 170, -1,
405, 163, 404, -1,
404, 163, 186, -1,
406, 164, 405, -1,
405, 164, 163, -1,
445, 408, 446, -1,
446, 408, 407, -1,
446, 407, 447, -1,
447, 407, 428, -1,
447, 428, 448, -1,
448, 428, 427, -1,
448, 427, 449, -1,
449, 427, 422, -1,
449, 422, 450, -1,
450, 422, 421, -1,
450, 421, 451, -1,
451, 421, 434, -1,
451, 434, 452, -1,
452, 434, 433, -1,
452, 433, 453, -1,
453, 433, 432, -1,
453, 432, 454, -1,
454, 432, 431, -1,
454, 431, 455, -1,
455, 431, 430, -1,
455, 430, 456, -1,
456, 430, 429, -1,
456, 429, 457, -1,
457, 429, 426, -1,
457, 426, 458, -1,
458, 426, 425, -1,
458, 425, 459, -1,
459, 425, 424, -1,
459, 424, 460, -1,
460, 424, 423, -1,
460, 423, 461, -1,
461, 423, 416, -1,
461, 416, 462, -1,
462, 416, 415, -1,
462, 415, 463, -1,
463, 415, 414, -1,
463, 414, 464, -1,
464, 414, 413, -1,
464, 413, 465, -1,
465, 413, 420, -1,
465, 420, 466, -1,
466, 420, 419, -1,
466, 419, 467, -1,
467, 419, 418, -1,
467, 418, 468, -1,
468, 418, 412, -1,
468, 412, 469, -1,
469, 412, 411, -1,
469, 411, 470, -1,
470, 411, 410, -1,
470, 410, 471, -1,
471, 410, 409, -1,
471, 409, 472, -1,
472, 409, 417, -1,
472, 417, 445, -1,
445, 417, 408, -1,
473, 455, 474, -1,
474, 455, 456, -1,
474, 456, 475, -1,
475, 456, 457, -1,
475, 457, 476, -1,
476, 457, 458, -1,
476, 458, 477, -1,
477, 458, 459, -1,
477, 459, 478, -1,
478, 459, 460, -1,
478, 460, 479, -1,
479, 460, 461, -1,
479, 461, 480, -1,
480, 461, 462, -1,
480, 462, 481, -1,
481, 462, 463, -1,
481, 463, 482, -1,
482, 463, 464, -1,
482, 464, 483, -1,
483, 464, 465, -1,
483, 465, 484, -1,
484, 465, 466, -1,
484, 466, 485, -1,
485, 466, 467, -1,
485, 467, 486, -1,
486, 467, 468, -1,
486, 468, 487, -1,
487, 468, 469, -1,
487, 469, 488, -1,
488, 469, 470, -1,
488, 470, 489, -1,
489, 470, 471, -1,
489, 471, 490, -1,
490, 471, 472, -1,
490, 472, 491, -1,
491, 472, 445, -1,
491, 445, 492, -1,
492, 445, 446, -1,
492, 446, 493, -1,
493, 446, 447, -1,
493, 447, 494, -1,
494, 447, 448, -1,
494, 448, 495, -1,
495, 448, 449, -1,
495, 449, 496, -1,
496, 449, 450, -1,
496, 450, 497, -1,
497, 450, 451, -1,
497, 451, 498, -1,
498, 451, 452, -1,
498, 452, 499, -1,
499, 452, 453, -1,
499, 453, 500, -1,
500, 453, 454, -1,
500, 454, 473, -1,
473, 454, 455, -1,
383, 669, 130, -1,
130, 669, 128, -1,
669, 670, 128, -1,
128, 670, 133, -1,
670, 380, 133, -1,
133, 380, 131, -1,
670, 669, 380, -1,
380, 669, 383, -1,
385, 671, 138, -1,
138, 671, 137, -1,
671, 672, 137, -1,
137, 672, 125, -1,
672, 384, 125, -1,
125, 384, 129, -1,
672, 671, 384, -1,
384, 671, 385, -1,
673, 139, 122, -1,
122, 139, 124, -1,
674, 673, 121, -1,
121, 673, 122, -1,
144, 674, 123, -1,
123, 674, 121, -1,
674, 144, 673, -1,
673, 144, 139, -1,
675, 141, 118, -1,
118, 141, 120, -1,
676, 675, 117, -1,
117, 675, 118, -1,
140, 676, 119, -1,
119, 676, 117, -1,
676, 140, 675, -1,
675, 140, 141, -1,
156, 382, 381, -1,
156, 381, 157, -1,
157, 381, 399, -1,
157, 399, 158, -1,
158, 399, 398, -1,
158, 398, 159, -1,
159, 398, 394, -1,
159, 394, 160, -1,
160, 394, 393, -1,
160, 393, 143, -1,
143, 393, 386, -1,
143, 386, 142, -1,
150, 396, 402, -1,
150, 402, 151, -1,
151, 402, 401, -1,
151, 401, 152, -1,
152, 401, 400, -1,
152, 400, 153, -1,
153, 400, 397, -1,
153, 397, 154, -1,
154, 397, 395, -1,
154, 395, 155, -1,
701, 702, 703, -1,
703, 702, 708, -1,
703, 708, 704, -1,
704, 708, 707, -1,
704, 707, 705, -1,
705, 707, 706, -1,
745, 760, 744, -1,
744, 760, 759, -1,
744, 759, 758, -1,
752, 751, 744, -1,
744, 751, 750, -1,
744, 750, 746, -1,
758, 757, 744, -1,
744, 757, 756, -1,
744, 756, 755, -1,
755, 754, 744, -1,
744, 754, 753, -1,
744, 753, 752, -1,
749, 748, 750, -1,
750, 748, 747, -1,
750, 747, 746, -1,
839, 840, 841, -1,
842, 843, 844, -1,
844, 845, 842, -1,
842, 845, 846, -1,
842, 846, 847, -1,
848, 849, 850, -1,
843, 842, 850, -1,
850, 842, 851, -1,
850, 851, 848, -1,
848, 852, 853, -1,
839, 841, 854, -1,
854, 841, 855, -1,
854, 855, 846, -1,
856, 857, 858, -1,
858, 857, 859, -1,
858, 859, 860, -1,
861, 862, 863, -1,
863, 862, 864, -1,
863, 864, 865, -1,
866, 867, 868, -1,
853, 860, 848, -1,
848, 860, 859, -1,
848, 859, 849, -1,
849, 859, 869, -1,
849, 869, 847, -1,
865, 870, 863, -1,
863, 870, 871, -1,
863, 871, 872, -1,
840, 873, 841, -1,
841, 873, 874, -1,
841, 874, 875, -1,
876, 877, 841, -1,
841, 877, 878, -1,
879, 880, 881, -1,
881, 880, 882, -1,
878, 883, 841, -1,
841, 883, 882, -1,
841, 882, 884, -1,
884, 882, 880, -1,
875, 885, 841, -1,
841, 885, 886, -1,
841, 886, 876, -1,
887, 888, 863, -1,
863, 888, 889, -1,
863, 889, 861, -1,
890, 891, 892, -1,
892, 891, 893, -1,
892, 893, 894, -1,
894, 893, 895, -1,
894, 895, 887, -1,
887, 895, 896, -1,
887, 896, 888, -1,
868, 867, 892, -1,
892, 867, 849, -1,
892, 849, 890, -1,
846, 855, 847, -1,
847, 855, 897, -1,
847, 897, 849, -1,
849, 897, 898, -1,
849, 898, 899, -1,
899, 900, 849, -1,
849, 900, 901, -1,
849, 901, 890, -1,
868, 872, 866, -1,
866, 872, 871, -1,
866, 871, 902, -1,
902, 871, 903, -1,
871, 904, 903, -1,
903, 904, 843, -1,
903, 843, 905, -1,
905, 843, 850, -1,
905, 850, 906, -1,
907, 908, 909, -1,
909, 908, 910, -1,
911, 909, 48, -1,
48, 909, 910, -1,
48, 910, 849, -1,
849, 910, 912, -1,
913, 850, 914, -1,
914, 850, 915, -1,
915, 916, 914, -1,
914, 916, 917, -1,
914, 917, 918, -1,
919, 920, 912, -1,
912, 920, 921, -1,
912, 921, 922, -1,
918, 923, 914, -1,
914, 923, 924, -1,
914, 924, 925, -1,
922, 926, 912, -1,
912, 926, 927, -1,
912, 927, 849, -1,
849, 927, 928, -1,
849, 928, 850, -1,
850, 928, 929, -1,
850, 929, 915, -1,
925, 930, 914, -1,
914, 930, 931, -1,
914, 931, 912, -1,
912, 931, 932, -1,
912, 932, 919, -1,
911, 48, 913, -1,
913, 48, 47, -1,
913, 47, 850, -1,
850, 47, 83, -1,
850, 83, 906, -1,
933, 934, 935, -1,
935, 934, 936, -1,
937, 938, 939, -1,
939, 938, 940, -1,
941, 942, 943, -1,
942, 941, 944, -1,
944, 941, 945, -1,
944, 945, 946, -1,
947, 948, 949, -1,
949, 948, 132, -1,
949, 132, 944, -1,
944, 132, 939, -1,
944, 939, 942, -1,
942, 939, 940, -1,
942, 940, 950, -1,
936, 48, 849, -1,
950, 940, 951, -1,
951, 940, 935, -1,
951, 935, 943, -1,
943, 935, 936, -1,
943, 936, 941, -1,
941, 936, 849, -1,
941, 849, 952, -1,
952, 849, 867, -1,
952, 867, 953, -1,
47, 48, 936, -1,
940, 954, 935, -1,
935, 954, 955, -1,
47, 936, 83, -1,
83, 936, 956, -1,
83, 956, 386, -1,
386, 956, 955, -1,
386, 955, 393, -1,
939, 132, 957, -1,
957, 132, 379, -1,
957, 379, 392, -1,
389, 388, 957, -1,
957, 388, 387, -1,
957, 387, 954, -1,
954, 387, 396, -1,
954, 396, 955, -1,
955, 396, 402, -1,
955, 402, 401, -1,
401, 400, 955, -1,
955, 400, 397, -1,
955, 397, 395, -1,
395, 382, 955, -1,
955, 382, 381, -1,
955, 381, 399, -1,
399, 398, 955, -1,
955, 398, 394, -1,
955, 394, 393, -1,
392, 391, 957, -1,
957, 391, 390, -1,
957, 390, 389, -1,
958, 959, 960, -1,
960, 959, 961, -1,
962, 961, 959, -1,
963, 964, 965, -1,
965, 964, 966, -1,
965, 966, 959, -1,
959, 966, 967, -1,
959, 967, 962, -1,
968, 969, 970, -1,
970, 969, 971, -1,
970, 971, 972, -1,
972, 971, 963, -1,
972, 963, 973, -1,
973, 963, 974, -1,
975, 976, 965, -1,
965, 976, 977, -1,
965, 977, 963, -1,
963, 977, 978, -1,
963, 978, 974, -1,
979, 980, 981, -1,
982, 983, 981, -1,
960, 984, 958, -1,
958, 984, 985, -1,
958, 985, 981, -1,
981, 985, 986, -1,
981, 986, 982, -1,
987, 988, 989, -1,
989, 988, 990, -1,
989, 990, 983, -1,
983, 990, 991, -1,
983, 991, 992, -1,
992, 993, 983, -1,
983, 993, 994, -1,
983, 994, 981, -1,
981, 994, 995, -1,
981, 995, 979, -1,
968, 988, 969, -1,
969, 988, 987, -1,
1174, 1175, 1176, -1,
948, 947, 1177, -1,
1177, 947, 1174, -1,
1176, 1175, 1178, -1,
1179, 1180, 1181, -1,
1181, 1180, 902, -1,
1174, 1182, 1183, -1,
1184, 1185, 1174, -1,
1174, 1185, 1186, -1,
1174, 1186, 1182, -1,
946, 945, 1175, -1,
1175, 945, 1179, -1,
1183, 1187, 1174, -1,
1174, 1187, 1188, -1,
1174, 1188, 1177, -1,
1179, 1181, 1175, -1,
1175, 1181, 1189, -1,
1175, 1189, 1190, -1,
902, 1180, 866, -1,
866, 1180, 953, -1,
866, 953, 867, -1,
1190, 1191, 1175, -1,
1175, 1191, 1192, -1,
1175, 1192, 1178, -1,
1174, 1176, 1184, -1,
1184, 1176, 1193, -1,
1184, 1193, 1194, -1,
1194, 1195, 1184, -1,
1184, 1195, 1196, -1,
1184, 1196, 1197, -1,
1198, 1177, 1199, -1,
1199, 1177, 379, -1,
1199, 379, 1200, -1,
1200, 379, 132, -1,
1200, 132, 1201, -1,
1201, 132, 948, -1,
1201, 948, 1198, -1,
1198, 948, 1177, -1,
1176, 1202, 1193, -1,
1193, 1202, 1203, -1,
1193, 1203, 1204, -1,
1205, 1206, 395, -1,
395, 1206, 1207, -1,
395, 1207, 1208, -1,
1204, 1209, 1193, -1,
1193, 1209, 1210, -1,
1193, 1210, 1211, -1,
1211, 1212, 1193, -1,
1193, 1212, 1213, -1,
1193, 1213, 395, -1,
395, 1213, 1214, -1,
395, 1214, 1205, -1,
1208, 1215, 395, -1,
395, 1215, 1216, -1,
395, 1216, 382, -1,
382, 1216, 1217, -1,
382, 1217, 1218, -1,
1219, 1176, 1220, -1,
1220, 1176, 1221, -1,
1219, 1222, 1176, -1,
1176, 1222, 1223, -1,
1176, 1223, 1202, -1,
1218, 1224, 382, -1,
382, 1224, 1225, -1,
382, 1225, 1226, -1,
1226, 1227, 382, -1,
382, 1227, 1228, -1,
382, 1228, 1176, -1,
1176, 1228, 1229, -1,
1176, 1229, 1221, -1,
396, 387, 1184, -1,
1184, 387, 1185, -1,
902, 903, 1230, -1,
906, 83, 1231, -1,
1231, 83, 386, -1,
1231, 386, 1230, -1,
1230, 386, 1181, -1,
1230, 1181, 902, -1,
1185, 387, 388, -1,
1185, 388, 1186, -1,
1186, 388, 389, -1,
1186, 389, 1182, -1,
1182, 389, 390, -1,
1182, 390, 1183, -1,
1183, 390, 391, -1,
1183, 391, 1187, -1,
1187, 391, 392, -1,
1187, 392, 1188, -1,
1188, 392, 379, -1,
1188, 379, 1177, -1,
1230, 903, 1232, -1,
1232, 903, 1233, -1,
1232, 1233, 1234, -1,
1234, 1233, 825, -1,
1234, 825, 1235, -1,
1235, 825, 823, -1,
1236, 1231, 1232, -1,
1232, 1231, 1230, -1,
1237, 830, 1238, -1,
1238, 830, 829, -1,
1238, 829, 1236, -1,
1236, 829, 1239, -1,
1236, 1239, 1231, -1,
1231, 1239, 906, -1,
906, 1239, 905, -1,
905, 1239, 1233, -1,
905, 1233, 903, -1,
1234, 1235, 1238, -1,
1238, 1235, 1237, -1,
823, 830, 1235, -1,
1235, 830, 1237, -1,
829, 825, 1239, -1,
1239, 825, 1233, -1,
829, 830, 825, -1,
825, 830, 823, -1,
1232, 1234, 1236, -1,
1236, 1234, 1238, -1,
975, 965, 980, -1,
980, 965, 981, -1,
1198, 1199, 965, -1,
965, 1199, 981, -1,
1201, 1198, 959, -1,
959, 1198, 965, -1,
1200, 958, 1199, -1,
1199, 958, 981, -1,
1201, 959, 1200, -1,
1200, 959, 958, -1,
1240, 1202, 1241, -1,
1241, 1202, 1223, -1,
1241, 1223, 1242, -1,
1242, 1223, 1222, -1,
1242, 1222, 1243, -1,
1243, 1222, 1219, -1,
1243, 1219, 1244, -1,
1244, 1219, 1220, -1,
1244, 1220, 1245, -1,
1245, 1220, 1221, -1,
1245, 1221, 1246, -1,
1246, 1221, 1229, -1,
1246, 1229, 1247, -1,
1247, 1229, 1228, -1,
1247, 1228, 1248, -1,
1248, 1228, 1227, -1,
1248, 1227, 1249, -1,
1249, 1227, 1226, -1,
1249, 1226, 1250, -1,
1250, 1226, 1225, -1,
1250, 1225, 1251, -1,
1251, 1225, 1224, -1,
1251, 1224, 1252, -1,
1252, 1224, 1218, -1,
1252, 1218, 1253, -1,
1253, 1218, 1217, -1,
1253, 1217, 1254, -1,
1254, 1217, 1216, -1,
1254, 1216, 1255, -1,
1255, 1216, 1215, -1,
1255, 1215, 1256, -1,
1256, 1215, 1208, -1,
1256, 1208, 1257, -1,
1257, 1208, 1207, -1,
1257, 1207, 1258, -1,
1258, 1207, 1206, -1,
1258, 1206, 1259, -1,
1259, 1206, 1205, -1,
1259, 1205, 1260, -1,
1260, 1205, 1214, -1,
1260, 1214, 1261, -1,
1261, 1214, 1213, -1,
1261, 1213, 1262, -1,
1262, 1213, 1212, -1,
1262, 1212, 1263, -1,
1263, 1212, 1211, -1,
1263, 1211, 1264, -1,
1264, 1211, 1210, -1,
1264, 1210, 1265, -1,
1265, 1210, 1209, -1,
1265, 1209, 1266, -1,
1266, 1209, 1204, -1,
1266, 1204, 1267, -1,
1267, 1204, 1203, -1,
1267, 1203, 1240, -1,
1240, 1203, 1202, -1,
1268, 1253, 1269, -1,
1269, 1253, 1254, -1,
1269, 1254, 1270, -1,
1270, 1254, 1255, -1,
1270, 1255, 1271, -1,
1271, 1255, 1256, -1,
1271, 1256, 1272, -1,
1272, 1256, 1257, -1,
1272, 1257, 1273, -1,
1273, 1257, 1258, -1,
1273, 1258, 1274, -1,
1274, 1258, 1259, -1,
1274, 1259, 1275, -1,
1275, 1259, 1260, -1,
1275, 1260, 1276, -1,
1276, 1260, 1261, -1,
1276, 1261, 1277, -1,
1277, 1261, 1262, -1,
1277, 1262, 1278, -1,
1278, 1262, 1263, -1,
1278, 1263, 1279, -1,
1279, 1263, 1264, -1,
1279, 1264, 1280, -1,
1280, 1264, 1265, -1,
1280, 1265, 1281, -1,
1281, 1265, 1266, -1,
1281, 1266, 1282, -1,
1282, 1266, 1267, -1,
1282, 1267, 1283, -1,
1283, 1267, 1240, -1,
1283, 1240, 1284, -1,
1284, 1240, 1241, -1,
1284, 1241, 1285, -1,
1285, 1241, 1242, -1,
1285, 1242, 1286, -1,
1286, 1242, 1243, -1,
1286, 1243, 1287, -1,
1287, 1243, 1244, -1,
1287, 1244, 1288, -1,
1288, 1244, 1245, -1,
1288, 1245, 1289, -1,
1289, 1245, 1246, -1,
1289, 1246, 1290, -1,
1290, 1246, 1247, -1,
1290, 1247, 1291, -1,
1291, 1247, 1248, -1,
1291, 1248, 1292, -1,
1292, 1248, 1249, -1,
1292, 1249, 1293, -1,
1293, 1249, 1250, -1,
1293, 1250, 1294, -1,
1294, 1250, 1251, -1,
1294, 1251, 1295, -1,
1295, 1251, 1252, -1,
1295, 1252, 1268, -1,
1268, 1252, 1253, -1,
1175, 1464, 946, -1,
946, 1464, 944, -1,
1464, 1465, 944, -1,
944, 1465, 949, -1,
1465, 1174, 949, -1,
949, 1174, 947, -1,
1465, 1464, 1174, -1,
1174, 1464, 1175, -1,
1180, 1466, 953, -1,
953, 1466, 952, -1,
1466, 1467, 952, -1,
952, 1467, 941, -1,
1467, 1179, 941, -1,
941, 1179, 945, -1,
1467, 1466, 1179, -1,
1179, 1466, 1180, -1,
1468, 954, 938, -1,
938, 954, 940, -1,
1469, 1468, 937, -1,
937, 1468, 938, -1,
957, 1469, 939, -1,
939, 1469, 937, -1,
1469, 957, 1468, -1,
1468, 957, 954, -1,
1470, 956, 934, -1,
934, 956, 936, -1,
1471, 1470, 933, -1,
933, 1470, 934, -1,
955, 1471, 935, -1,
935, 1471, 933, -1,
1471, 955, 1470, -1,
1470, 955, 956, -1,
382, 1176, 1178, -1,
382, 1178, 381, -1,
381, 1178, 1192, -1,
381, 1192, 399, -1,
399, 1192, 1191, -1,
399, 1191, 398, -1,
398, 1191, 1190, -1,
398, 1190, 394, -1,
394, 1190, 1189, -1,
394, 1189, 393, -1,
393, 1189, 1181, -1,
393, 1181, 386, -1,
396, 1184, 1197, -1,
396, 1197, 402, -1,
402, 1197, 1196, -1,
402, 1196, 401, -1,
401, 1196, 1195, -1,
401, 1195, 400, -1,
400, 1195, 1194, -1,
400, 1194, 397, -1,
397, 1194, 1193, -1,
397, 1193, 395, -1,
1496, 1497, 1498, -1,
1498, 1497, 1503, -1,
1498, 1503, 1499, -1,
1499, 1503, 1502, -1,
1499, 1502, 1500, -1,
1500, 1502, 1501, -1,
1540, 1555, 1539, -1,
1539, 1555, 1554, -1,
1539, 1554, 1553, -1,
1547, 1546, 1539, -1,
1539, 1546, 1545, -1,
1539, 1545, 1541, -1,
1553, 1552, 1539, -1,
1539, 1552, 1551, -1,
1539, 1551, 1550, -1,
1550, 1549, 1539, -1,
1539, 1549, 1548, -1,
1539, 1548, 1547, -1,
1544, 1543, 1545, -1,
1545, 1543, 1542, -1,
1545, 1542, 1541, -1,
] } }
Shape { appearance Appearance { material Material { diffuseColor 1.0 1.0 1.0 } } geometry IndexedFaceSet { solid FALSE coord Coordinate { point [
-0.4921260 1.9530547 1.7215787,
-0.4921260 1.9330913 1.7473043,
-0.4921260 1.9091598 1.7693878,
-0.4921260 1.1417323 1.8110244,
-0.4921260 1.1417323 1.6929126,
-0.4921260 1.7880878 1.8110244,
-0.4921260 1.9685039 1.6929126,
-0.4921260 1.8205394 1.8083307,
-0.4921260 1.8521031 1.8003244,
-0.4921260 1.8819154 1.7872236,
-1.4763780 1.9685039 1.6929126,
-1.4763780 1.1417323 1.6929126,
-1.4763780 1.1417323 1.8110244,
-1.4763780 1.7880878 1.8110244,
-1.4763780 1.8205394 1.8083307,
-1.4763780 1.8521031 1.8003244,
-1.4763780 1.8819154 1.7872236,
-1.4763780 1.9091598 1.7693878,
-1.4763780 1.9530547 1.7215787,
-1.4763780 1.9330913 1.7473043,
-0.6818185 2.0472441 1.1059909,
-0.6508047 2.0472441 1.1025079,
-0.7499327 2.0472441 0.8695244,
-0.8170331 2.0472441 1.1367185,
-0.7092906 2.0472441 1.1386390,
-0.7191630 2.0472441 1.1379579,
-0.7555776 2.0472441 1.1280764,
-0.7555776 2.0472441 1.0858260,
-0.8170331 2.0472441 0.8217579,
-0.9783543 2.0472441 1.1021496,
-1.0167642 2.0472441 0.0000000,
-1.0167642 2.0472441 1.1386390,
-0.9783543 2.0472441 1.1367185,
-0.8592839 2.0472441 1.1021496,
-0.8592839 2.0472441 0.9984433,
-0.7201004 2.0472441 1.1010173,
-0.7555776 2.0472441 0.8726512,
-0.8592839 2.0472441 0.9638744,
-0.8592839 2.0472441 0.8563272,
-0.9706724 2.0472441 0.9638744,
-0.9860366 2.0472441 0.8563272,
-0.9706724 2.0472441 0.9984433,
-0.5379000 2.0472441 1.0537626,
-0.5563606 2.0472441 1.0832094,
-0.3753201 2.0472441 1.1367185,
-0.5847957 2.0472441 1.1105563,
-0.6147118 2.0472441 1.1277764,
0.0000000 2.0472441 1.1386390,
0.0000000 2.0472441 0.0000000,
-0.3330693 2.0472441 0.8217579,
-0.9860366 2.0472441 0.8217579,
-0.6498240 2.0472441 1.1379768,
-0.6579339 2.0472441 1.1386390,
-0.3330693 2.0472441 1.1367185,
-0.6272307 2.0472441 1.0940000,
-0.6054307 2.0472441 1.0794165,
-0.5864110 2.0472441 1.0584193,
-0.5635283 2.0472441 0.9758776,
-0.5667173 2.0472441 0.9417811,
-0.5752744 2.0472441 0.9146902,
-0.6453598 2.0472441 0.8557811,
-0.6747366 2.0472441 0.8524858,
-0.6224102 2.0472441 0.8642299,
-0.6030803 2.0472441 0.8772583,
-0.5883008 2.0472441 0.8928512,
-0.7165449 2.0472441 0.8571260,
-0.5734260 2.0472441 1.0341008,
-0.5650307 2.0472441 1.0003831,
-0.3753201 2.0472441 0.8563272,
-0.5212776 2.0472441 0.9732972,
-0.5258083 2.0472441 1.0180744,
-0.5995736 2.0472441 0.8324496,
-0.5742386 2.0472441 0.8486280,
-0.4943906 2.0472441 0.8217579,
-0.5505811 2.0472441 0.8735343,
-0.4943906 2.0472441 0.8563272,
-0.5338024 2.0472441 0.9034823,
-0.5243232 2.0472441 0.9368201,
-0.7555776 2.0472441 0.8380823,
-0.7220043 2.0472441 0.8242972,
-0.6775272 2.0472441 0.8180650,
-0.6689154 2.0472441 0.8179173,
-0.6301008 2.0472441 0.8219417,
0.0000000 2.0472441 1.8897638,
-0.4921260 2.0472441 1.8897638,
-0.6814587 2.0472441 1.1405594,
-1.0167642 2.0472441 1.8897638,
-1.4763780 2.0472441 1.8897638,
-1.5303157 2.0472441 0.9101004,
-1.4002024 2.0472441 0.9101004,
-1.5621839 2.0472441 0.8217579,
-1.3701350 2.0472441 0.8217579,
-1.6082760 2.0472441 0.8217579,
-1.9685039 2.0472441 0.0000000,
-1.3240429 2.0472441 0.8217579,
-1.4853642 2.0472441 1.1367185,
-1.4431134 2.0472441 1.1367185,
-1.1363752 2.0472441 1.1367185,
-1.1818780 2.0472441 1.1318547,
-1.2187287 2.0472441 1.1189150,
-1.2530098 2.0472441 1.0959406,
-1.2852697 2.0472441 0.9080819,
-1.2672079 2.0472441 0.8799106,
-1.2412831 2.0472441 0.8550886,
-1.2083972 2.0472441 0.8359772,
-1.2533390 2.0472441 1.0956516,
-1.2756114 2.0472441 1.0709547,
-1.2902488 2.0472441 1.0438681,
-1.1721051 2.0472441 0.8251598,
-1.1331343 2.0472441 0.8217579,
-1.0474921 2.0472441 0.8217579,
-1.0474921 2.0472441 1.1367185,
-1.2987083 2.0472441 1.0128354,
-1.3009969 2.0472441 0.9831996,
-1.2965776 2.0472441 0.9410488,
-1.9685039 2.0472441 1.1386390,
-1.9685039 2.0472441 1.8897638,
-2.1652524 1.0629921 0.0000000,
-2.1652524 1.4566929 0.0000000,
-1.9685039 1.1547374 0.0000000,
-1.9685039 1.3649476 0.0000000,
-2.1652524 -1.6929134 0.0000000,
-2.1652524 -1.2992126 0.0000000,
-1.9685039 -1.6011681 0.0000000,
-1.9685039 -1.3909579 0.0000000,
-0.1968504 1.0629921 0.0000000,
-0.8070866 -0.1574803 0.0000000,
-0.8070866 0.1574803 0.0000000,
-0.1968504 -1.2992126 0.0000000,
0.0000000 1.1547850 0.0000000,
0.0000000 -1.3910055 0.0000000,
0.0000000 -1.6011205 0.0000000,
0.0000000 -2.0866142 0.0000000,
-0.1968504 -1.6929134 0.0000000,
-1.9685039 -2.0866142 0.0000000,
-1.1614173 -0.1574803 0.0000000,
-1.1614173 0.1574803 0.0000000,
-0.1968504 1.4566929 0.0000000,
0.0000000 1.3649000 0.0000000,
-1.9685039 -1.3909579 2.7559059,
-1.9685039 1.1547374 2.7559059,
-1.9685039 1.3649476 2.7559059,
-1.9685039 1.1565307 5.4913441,
-1.9685039 1.1505138 5.5076685,
-1.9685039 -1.6011681 2.7559059,
-1.9685039 -2.0866142 2.7952756,
-1.9685039 -2.0799067 2.8462240,
-1.9685039 -1.9881890 2.9657535,
-1.9685039 -1.9407126 2.9854185,
-1.9685039 -1.8897638 2.9921260,
-1.9685039 -1.1970882 5.4934551,
-1.9685039 -1.1891303 5.5122657,
-1.9685039 -1.1766020 5.5283972,
-1.9685039 -1.1603457 5.5407634,
-1.9685039 -1.1414563 5.5485323,
-1.9685039 -1.1212039 5.5511811,
-1.9685039 1.0800933 5.5511811,
-1.9685039 1.0973835 5.5492594,
-1.9685039 1.1138299 5.5435878,
-1.9685039 1.1286295 5.5344429,
-1.9685039 1.1410598 5.5222720,
-1.9685039 -2.0602413 2.8937016,
-1.9685039 -2.0289579 2.9344697,
-1.4763780 -1.8897638 0.7874012,
-0.4921260 -1.8897638 0.7874012,
-1.4763780 -1.6929134 0.7874012,
-0.4921260 -1.6929134 0.7874012,
-0.4921260 -1.6888890 0.8179705,
-0.4921260 -1.6929134 2.1653539,
-0.4921260 -1.6929134 2.0543890,
-0.4921260 -1.8897638 2.1653539,
-0.4921260 -1.6794984 1.9524917,
-0.4921260 -1.6053724 0.9014874,
-0.4921260 -1.6401673 1.8575386,
-0.4921260 -1.5776012 1.7760004,
-0.4921260 -1.6338583 0.8896882,
-0.4921260 -1.6583197 0.8709181,
-0.4921260 -1.6770898 0.8464567,
-0.4921260 -0.1181102 1.6606882,
-0.4921260 -0.1181102 0.9055118,
-0.4921260 -1.2992126 1.6606882,
-0.4921260 -1.5748031 0.9055118,
-0.4921260 -1.4011098 1.6741035,
-0.4921260 -1.4960630 1.7134346,
-1.4763780 -1.6929134 2.0543890,
-1.4763780 -1.6929134 2.1653539,
-1.4763780 -1.8897638 2.1653539,
-1.4763780 -1.6338583 0.8896882,
-1.4763780 -1.6053724 0.9014874,
-1.4763780 -1.4960630 1.7134346,
-1.4763780 -1.5776012 1.7760004,
-1.4763780 -1.6401673 1.8575386,
-1.4763780 -1.6794984 1.9524917,
-1.4763780 -1.6888890 0.8179705,
-1.4763780 -1.6770898 0.8464567,
-1.4763780 -1.6583197 0.8709181,
-1.4763780 -0.1181102 0.9055118,
-1.4763780 -0.1181102 1.6606882,
-1.4763780 -1.5748031 0.9055118,
-1.4763780 -1.2992126 1.6606882,
-1.4763780 -1.4011098 1.6741035,
-0.2824591 -0.1181102 5.4724413,
-1.6860449 -0.1181102 5.4724413,
-0.3013626 -0.2090606 5.4724413,
-1.6671413 -0.2090606 5.4724413,
-1.6274965 -0.3170701 5.4724413,
-1.4132031 -0.5837791 5.4724413,
-1.3162677 -0.6457575 5.4724413,
-1.2105807 -0.6912327 5.4724413,
-0.3410079 -0.3170701 5.4724413,
-1.0989276 -0.7190067 5.4724413,
-0.9842520 -0.7283465 5.4724413,
-0.4696728 -0.5069315 5.4724413,
-1.5708957 -0.4172406 5.4724413,
-1.4988315 -0.5069315 5.4724413,
-0.3976083 -0.4172406 5.4724413,
-0.8695764 -0.7190067 5.4724413,
-0.7579232 -0.6912327 5.4724413,
-0.5553012 -0.5837791 5.4724413,
-0.6522362 -0.6457575 5.4724413,
-1.6928846 -0.3608787 5.3937008,
-1.6360783 -0.4614130 5.3937008,
-1.6344441 -0.4603055 5.4112220,
-1.5978457 -0.5089976 5.3937008,
-1.5560067 -0.5610701 5.3937008,
-1.5545732 -0.5597126 5.4112220,
-1.3251461 -0.7273740 5.3937008,
-1.2357283 -0.7658492 5.3937008,
-1.2350980 -0.7639783 5.4112220,
-0.8096303 -0.7849669 5.3937008,
-0.7327756 -0.7658492 5.3937008,
-0.7334063 -0.7639783 5.4112220,
-0.4941602 -0.6343587 5.3937008,
-0.4124972 -0.5610701 5.3937008,
-0.4139307 -0.5597126 5.4112220,
-0.3706583 -0.5089976 5.3937008,
-0.3324256 -0.4614130 5.3937008,
-0.3340598 -0.4603055 5.4112220,
-1.7501492 -0.1945449 5.3937008,
-1.7430181 -0.2301024 5.3937008,
-1.7411157 -0.2295748 5.4112220,
-0.2844783 -0.2137429 5.4704669,
-0.2647866 -0.1181102 5.4703386,
-0.2636350 -0.1181102 5.4702012,
-0.2684409 -0.2181902 5.4646437,
-0.2559134 -0.1181102 5.4679201,
-0.2420398 -0.2255114 5.4427949,
-0.2323945 -0.1181102 5.4548465,
-0.2540543 -0.2221799 5.4552622,
-0.2390071 -0.1181102 5.4596268,
-0.2482248 -0.1181102 5.4641488,
-0.2113760 -0.1181102 5.4276409,
-0.2147051 -0.1181102 5.4348138,
-0.2330000 -0.2280185 5.4278650,
-0.2193287 -0.1181102 5.4415047,
-0.2204717 -0.1181102 5.4426717,
-0.2068972 -0.1181102 5.4179909,
-0.2273886 -0.2295748 5.4112220,
-0.2050598 -0.1181102 5.4112102,
-0.2254862 -0.2301024 5.3937008,
-0.2183551 -0.1945449 5.3937008,
-0.2030264 -0.1181102 5.3937008,
-0.2047961 -0.1181102 5.4102378,
-1.7355039 -0.2280185 5.4278650,
-1.7615555 -0.1181102 5.4181480,
-1.7630823 -0.1181102 5.4111350,
-1.7650004 -0.1181102 5.4023252,
-1.7654780 -0.1181102 5.3937008,
-1.7264642 -0.2255114 5.4427949,
-1.7536972 -0.1181102 5.4349791,
-1.7571244 -0.1181102 5.4276382,
-1.7144496 -0.2221799 5.4552622,
-1.7361000 -0.1181102 5.4548539,
-1.7491898 -0.1181102 5.4414858,
-1.7129134 -0.1181102 5.4678059,
-1.7202783 -0.1181102 5.4641520,
-1.7000630 -0.2181902 5.4646437,
-1.7298106 -0.1181102 5.4594232,
-1.7355701 -0.1181102 5.4552382,
-1.7054787 -0.1181102 5.4700520,
-1.6840256 -0.2137429 5.4704669,
-1.7037079 -0.1181102 5.4702697,
-0.3251039 -0.3244224 5.4704669,
-0.3831039 -0.4270697 5.4704669,
-0.3099972 -0.3314067 5.4646437,
-0.3693268 -0.4364063 5.4646437,
-0.2964461 -0.3376717 5.4552622,
-0.3569677 -0.4447815 5.4552622,
-0.2851291 -0.3429039 5.4427949,
-0.3466465 -0.4517760 5.4427949,
-0.2766142 -0.3468406 5.4278650,
-0.3388807 -0.4570386 5.4278650,
-0.2713280 -0.3492843 5.4112220,
-0.6440276 -0.6612366 5.4704669,
-0.7523276 -0.7078366 5.4704669,
-0.6362299 -0.6759398 5.4646437,
-0.7470122 -0.7236075 5.4646437,
-0.6292354 -0.6891295 5.4552622,
-0.7422441 -0.7377555 5.4552622,
-0.6233941 -0.7001445 5.4427949,
-0.7382622 -0.7495701 5.4427949,
-0.6189988 -0.7084319 5.4278650,
-0.7352661 -0.7584598 5.4278650,
-0.6162705 -0.7135768 5.4112220,
-1.1017630 -0.7362969 5.4704669,
-1.2161768 -0.7078366 5.4704669,
-1.1044563 -0.7527205 5.4646437,
-1.2214921 -0.7236075 5.4646437,
-1.1068720 -0.7674531 5.4552622,
-1.2262598 -0.7377555 5.4552622,
-1.1088898 -0.7797567 5.4427949,
-1.2302417 -0.7495701 5.4427949,
-1.1104075 -0.7890138 5.4278650,
-1.2332378 -0.7584598 5.4278650,
-1.1113500 -0.7947606 5.4112220,
-1.4238087 -0.5977260 5.4704669,
-1.5115543 -0.5189783 5.4704669,
-1.4338823 -0.6109736 5.4646437,
-1.5236390 -0.5304213 5.4646437,
-1.4429193 -0.6228575 5.4552622,
-1.5344795 -0.5406862 5.4552622,
-1.4504661 -0.6327819 5.4427949,
-1.5435331 -0.5492587 5.4427949,
-1.4561441 -0.6402492 5.4278650,
-1.5503449 -0.5557087 5.4278650,
-1.4596693 -0.6448846 5.4112220,
-0.2695362 -0.3501126 5.3937008,
-0.2756193 -0.3608787 5.3937008,
-0.4569500 -0.5189783 5.4704669,
-0.4448654 -0.5304213 5.4646437,
-0.4340244 -0.5406862 5.4552622,
-0.4249713 -0.5492587 5.4427949,
-0.4181594 -0.5557087 5.4278650,
-0.5076398 -0.6464563 5.3937008,
-0.5088346 -0.6448846 5.4112220,
-0.5123598 -0.6402492 5.4278650,
-0.5180378 -0.6327819 5.4427949,
-0.5255846 -0.6228575 5.4552622,
-0.5346217 -0.6109736 5.4646437,
-0.5446953 -0.5977260 5.4704669,
-0.6153457 -0.7153209 5.3937008,
-0.6433579 -0.7273740 5.3937008,
-0.8568346 -0.7967091 5.3937008,
-0.8571539 -0.7947606 5.4112220,
-0.8580965 -0.7890138 5.4278650,
-0.8596146 -0.7797567 5.4427949,
-0.8616319 -0.7674531 5.4552622,
-0.8640480 -0.7527205 5.4646437,
-0.8667409 -0.7362969 5.4704669,
-0.9842520 -0.7458677 5.4704669,
-0.9842520 -0.7625106 5.4646437,
-0.9842520 -0.7774402 5.4552622,
-0.9842520 -0.7899079 5.4427949,
-0.9842520 -0.7992890 5.4278650,
-0.9842520 -0.8051126 5.4112220,
-0.9842520 -0.8070866 5.3937008,
-1.1116697 -0.7967091 5.3937008,
-1.1588740 -0.7849669 5.3937008,
-1.3531583 -0.7153209 5.3937008,
-1.3522335 -0.7135768 5.4112220,
-1.3495051 -0.7084319 5.4278650,
-1.3451098 -0.7001445 5.4427949,
-1.3392689 -0.6891295 5.4552622,
-1.3322740 -0.6759398 5.4646437,
-1.3244768 -0.6612366 5.4704669,
-1.4608642 -0.6464563 5.3937008,
-1.4743437 -0.6343587 5.3937008,
-1.6296232 -0.4570386 5.4278650,
-1.6218575 -0.4517760 5.4427949,
-1.6115362 -0.4447815 5.4552622,
-1.5991776 -0.4364063 5.4646437,
-1.5854004 -0.4270697 5.4704669,
-1.6989681 -0.3501126 5.3937008,
-1.6971760 -0.3492843 5.4112220,
-1.6918902 -0.3468406 5.4278650,
-1.6833752 -0.3429039 5.4427949,
-1.6720583 -0.3376717 5.4552622,
-1.6585067 -0.3314067 5.4646437,
-1.6434004 -0.3244224 5.4704669,
0.0000000 -2.0866142 2.7952756,
0.0000000 -1.6011205 2.7559059,
0.0000000 1.0973835 5.5492594,
0.0000000 1.0800933 5.5511811,
0.0000000 -1.3910055 2.7559059,
0.0000000 1.1547850 2.7559059,
0.0000000 1.3649000 2.7559059,
0.0000000 1.1565307 5.4913441,
0.0000000 -1.8897638 2.9921260,
0.0000000 -1.9407126 2.9854185,
0.0000000 -1.9881890 2.9657535,
0.0000000 -2.0289579 2.9344697,
0.0000000 -2.0602413 2.8937016,
0.0000000 -2.0799067 2.8462240,
0.0000000 1.1505138 5.5076685,
0.0000000 1.1410598 5.5222720,
0.0000000 -1.1212039 5.5511811,
0.0000000 -1.1970882 5.4934551,
0.0000000 -1.1414563 5.5485323,
0.0000000 1.1286295 5.5344429,
0.0000000 1.1138299 5.5435878,
0.0000000 -1.1603457 5.5407634,
0.0000000 -1.1766020 5.5283972,
0.0000000 -1.1891303 5.5122657,
-0.2559055 -2.0866142 2.6377953,
-1.7125984 -2.0866142 2.6377953,
-1.7125984 -2.0866142 0.6299217,
-0.2559055 -2.0866142 0.6299217,
-0.1782094 0.1642890 5.5511811,
-0.1574803 -0.0196850 5.5511811,
-0.2393567 -0.3784079 5.5511811,
-0.3378559 -0.5351689 5.5511811,
-0.4687685 -0.6660811 5.5511811,
-0.6255291 -0.7645807 5.5511811,
-1.3429748 -0.7645807 5.5511811,
-1.4997358 -0.6660811 5.5511811,
-1.6306480 -0.5351689 5.5511811,
-1.7291476 -0.3784079 5.5511811,
-0.1782094 -0.2036591 5.5511811,
-0.8002780 -0.8257280 5.5511811,
-0.9842520 -0.8464567 5.5511811,
-1.1682260 -0.8257280 5.5511811,
-0.6255291 0.7252106 5.5511811,
-0.4687685 0.6267110 5.5511811,
-1.7902949 -0.2036591 5.5511811,
-1.8110236 -0.0196850 5.5511811,
-1.7902949 0.1642890 5.5511811,
-1.7291476 0.3390378 5.5511811,
-0.3378559 0.4957984 5.5511811,
-0.2393567 0.3390378 5.5511811,
-1.6306480 0.4957984 5.5511811,
-1.4997358 0.6267110 5.5511811,
-1.3429748 0.7252106 5.5511811,
-1.1682260 0.7863575 5.5511811,
-0.9842520 0.8070866 5.5511811,
-0.8002780 0.7863575 5.5511811,
-0.4921260 1.5748031 3.8000689,
-1.4763780 1.5748031 3.8000689,
-0.4921260 1.5748031 2.4803150,
-0.4921260 1.9685039 1.8897638,
-0.4921260 1.3779528 1.8897638,
-0.4921260 1.1417323 1.8897638,
-1.4763780 1.5748031 2.4803150,
-1.4763780 1.1417323 1.8897638,
-1.4763780 1.3779528 1.8897638,
-1.4763780 1.9685039 1.8897638,
-0.1574803 -0.0196850 5.1574803,
-0.1782094 0.1642890 5.1574803,
-0.2393567 0.3390378 5.1574803,
-0.3378559 0.4957984 5.1574803,
-0.4687685 0.6267110 5.1574803,
-0.6255291 0.7252106 5.1574803,
-0.8002780 0.7863575 5.1574803,
-0.9842520 0.8070866 5.1574803,
-1.1682260 0.7863575 5.1574803,
-1.3429748 0.7252106 5.1574803,
-1.4997358 0.6267110 5.1574803,
-1.6306480 0.4957984 5.1574803,
-1.7291476 0.3390378 5.1574803,
-1.7902949 0.1642890 5.1574803,
-1.8110236 -0.0196850 5.1574803,
-1.7902949 -0.2036591 5.1574803,
-1.7291476 -0.3784079 5.1574803,
-1.6306480 -0.5351689 5.1574803,
-1.4997358 -0.6660811 5.1574803,
-1.3429748 -0.7645807 5.1574803,
-1.1682260 -0.8257280 5.1574803,
-0.9842520 -0.8464567 5.1574803,
-0.8002780 -0.8257280 5.1574803,
-0.6255291 -0.7645807 5.1574803,
-0.4687685 -0.6660811 5.1574803,
-0.3378559 -0.5351689 5.1574803,
-0.2393567 -0.3784079 5.1574803,
-0.1782094 -0.2036591 5.1574803,
-1.4751890 0.5959303 5.1574803,
-1.5998673 0.4712516 5.1574803,
-1.6936764 0.3219555 5.1574803,
-1.7519118 0.1555283 5.1574803,
-1.7716535 -0.0196850 5.1574803,
-1.7519118 -0.1948984 5.1574803,
-1.6936764 -0.3613260 5.1574803,
-1.5998673 -0.5106220 5.1574803,
-1.4751890 -0.6353004 5.1574803,
-1.3258929 -0.7291094 5.1574803,
-1.1594654 -0.7873449 5.1574803,
-0.9842520 -0.8070866 5.1574803,
-0.8090386 -0.7873449 5.1574803,
-0.6426114 -0.7291094 5.1574803,
-0.4933154 -0.6353004 5.1574803,
-0.3686366 -0.5106220 5.1574803,
-0.2748276 -0.3613260 5.1574803,
-0.2165921 -0.1948984 5.1574803,
-0.1968504 -0.0196850 5.1574803,
-0.2165921 0.1555283 5.1574803,
-0.2748276 0.3219555 5.1574803,
-0.3686366 0.4712516 5.1574803,
-0.4933154 0.5959303 5.1574803,
-0.6426114 0.6897394 5.1574803,
-0.8090386 0.7479748 5.1574803,
-0.9842520 0.7677165 5.1574803,
-1.1594654 0.7479748 5.1574803,
-1.3258929 0.6897394 5.1574803,
-0.2030264 -0.1181102 5.3149610,
-0.1968504 -0.0196850 5.3149610,
-0.2030264 0.0787402 5.3149610,
-0.2030264 0.0787402 5.3937008,
-0.2183551 0.1551748 5.3937008,
-1.7654780 0.0787402 5.3937008,
-1.7501492 0.1551748 5.3937008,
-1.7654780 0.0787402 5.3149610,
-1.7716535 -0.0196850 5.3149610,
-1.7654780 -0.1181102 5.3149610,
-0.2254862 0.1907319 5.3937008,
-0.2695362 0.3107425 5.3937008,
-0.3324256 0.4220429 5.3937008,
-0.2756193 0.3215083 5.3937008,
-0.4124972 0.5217000 5.3937008,
-0.3706583 0.4696276 5.3937008,
-0.6433579 0.6880039 5.3937008,
-0.6153457 0.6759508 5.3937008,
-0.5076398 0.6070862 5.3937008,
-0.4941602 0.5949886 5.3937008,
-0.7327756 0.7264791 5.3937008,
-0.8096303 0.7455969 5.3937008,
-0.8568346 0.7573386 5.3937008,
-0.9842520 0.7677165 5.3937008,
-1.1116697 0.7573386 5.3937008,
-1.1588740 0.7455969 5.3937008,
-1.2357283 0.7264791 5.3937008,
-1.3251461 0.6880039 5.3937008,
-1.3531583 0.6759508 5.3937008,
-1.4608642 0.6070862 5.3937008,
-1.5560067 0.5217000 5.3937008,
-1.4743437 0.5949886 5.3937008,
-1.6360783 0.4220429 5.3937008,
-1.5978457 0.4696276 5.3937008,
-1.7430181 0.1907319 5.3937008,
-1.6989681 0.3107425 5.3937008,
-1.6928846 0.3215083 5.3937008,
-1.6274965 0.2776996 5.4724413,
-1.6671413 0.1696902 5.4724413,
-0.3013626 0.1696902 5.4724413,
-1.6860449 0.0787402 5.4724413,
-0.2824591 0.0787402 5.4724413,
-0.4696728 0.4675614 5.4724413,
-0.5553012 0.5444091 5.4724413,
-1.5708957 0.3778701 5.4724413,
-0.3976083 0.3778701 5.4724413,
-0.3410079 0.2776996 5.4724413,
-0.6522362 0.6063874 5.4724413,
-0.7579232 0.6518626 5.4724413,
-0.8695764 0.6796362 5.4724413,
-0.9842520 0.6889764 5.4724413,
-1.0989276 0.6796362 5.4724413,
-1.2105807 0.6518626 5.4724413,
-1.3162677 0.6063874 5.4724413,
-1.4132031 0.5444091 5.4724413,
-1.4988315 0.4675614 5.4724413,
-0.3346469 0.4205378 5.4140803,
-0.4144453 0.5198551 5.4140803,
-0.7336327 0.7239366 5.4140803,
-1.2348717 0.7239366 5.4140803,
-0.2336504 0.0787402 5.4558354,
-0.2266689 0.0787402 5.4489862,
-0.2477098 0.1845689 5.4493787,
-0.2280717 0.1900150 5.4140803,
-0.2052705 0.0787402 5.4122929,
-0.2030268 0.0787402 5.3939315,
-0.2157441 0.0787402 5.4364524,
-0.2139929 0.0787402 5.4329087,
-0.2356516 0.1879130 5.4330709,
-0.2075122 0.0787402 5.4197976,
-0.2057984 0.0787402 5.4140598,
-0.2202898 0.0787402 5.4427272,
-0.2399878 0.0787402 5.4602516,
-0.2634244 0.1802110 5.4618921,
-0.2428614 0.0787402 5.4616091,
-0.2570516 0.0787402 5.4683102,
-0.2817244 0.1751362 5.4697575,
-0.2619098 0.0787402 5.4696756,
-0.2645327 0.0787402 5.4704122,
-1.6877134 0.0787402 5.4724232,
-1.6867799 0.1751362 5.4697575,
-1.7064823 0.0787402 5.4697941,
-1.7050799 0.1802110 5.4618921,
-1.7141909 0.0787402 5.4673386,
-1.7066161 0.0787402 5.4697508,
-1.7418579 0.0787402 5.4490378,
-1.7374181 0.0787402 5.4537701,
-1.7207945 0.1845689 5.4493787,
-1.7309083 0.0787402 5.4586917,
-1.7255524 0.0787402 5.4614618,
-1.7501890 0.0787402 5.4401591,
-1.7328524 0.1879130 5.4330709,
-1.7546661 0.0787402 5.4333752,
-1.7615555 0.0787402 5.4181480,
-1.7404327 0.1900150 5.4140803,
-1.7623945 0.0787402 5.4140043,
-1.7652197 0.0787402 5.4000492,
-1.6459945 0.2862520 5.4697575,
-1.5877661 0.3893031 5.4697575,
-1.6632323 0.2942213 5.4618921,
-1.6034870 0.3999567 5.4618921,
-1.6780343 0.3010646 5.4493787,
-1.6169866 0.4091051 5.4493787,
-1.6893925 0.3063157 5.4330709,
-1.6273457 0.4161252 5.4330709,
-1.6965327 0.3096165 5.4140803,
-1.6338571 0.4205378 5.4140803,
-1.3258157 0.6243917 5.4697575,
-1.2170894 0.6711748 5.4697575,
-1.3347130 0.6411689 5.4618921,
-1.2231543 0.6891709 5.4618921,
-1.3423535 0.6555760 5.4493787,
-1.2283630 0.7046244 5.4493787,
-1.3482161 0.6666311 5.4330709,
-1.2323591 0.7164823 5.4330709,
-1.3519016 0.6735807 5.4140803,
-0.8662783 0.6997472 5.4697575,
-0.7514146 0.6711748 5.4697575,
-0.8632055 0.7184878 5.4618921,
-0.7453496 0.6891709 5.4618921,
-0.8605665 0.7345803 5.4493787,
-0.7401413 0.7046244 5.4493787,
-0.8585417 0.7469287 5.4330709,
-0.7361449 0.7164823 5.4330709,
-0.8572689 0.7546909 5.4140803,
-0.5429654 0.5606311 5.4697575,
-0.4548744 0.4815736 5.4697575,
-0.5314705 0.5757476 5.4618921,
-0.4410850 0.4946307 5.4618921,
-0.5215996 0.5887283 5.4493787,
-0.4292437 0.5058429 5.4493787,
-0.5140252 0.5986890 5.4330709,
-0.4201571 0.5144469 5.4330709,
-0.5092638 0.6049504 5.4140803,
-1.5540587 0.5198551 5.4140803,
-1.5483469 0.5144469 5.4330709,
-1.5392606 0.5058429 5.4493787,
-1.5274193 0.4946307 5.4618921,
-1.5136295 0.4815736 5.4697575,
-1.4592402 0.6049504 5.4140803,
-1.4544787 0.5986890 5.4330709,
-1.4469047 0.5887283 5.4493787,
-1.4370339 0.5757476 5.4618921,
-1.4255386 0.5606311 5.4697575,
-1.1112354 0.7546909 5.4140803,
-1.1099626 0.7469287 5.4330709,
-1.1079378 0.7345803 5.4493787,
-1.1052988 0.7184878 5.4618921,
-1.1022256 0.6997472 5.4697575,
-0.9842520 0.7093559 5.4697575,
-0.9842520 0.7283465 5.4618921,
-0.9842520 0.7446539 5.4493787,
-0.9842520 0.7571673 5.4330709,
-0.9842520 0.7650335 5.4140803,
-0.6166028 0.6735807 5.4140803,
-0.6202882 0.6666311 5.4330709,
-0.6261508 0.6555760 5.4493787,
-0.6337909 0.6411689 5.4618921,
-0.6426882 0.6243917 5.4697575,
-0.3411587 0.4161252 5.4330709,
-0.3515173 0.4091051 5.4493787,
-0.3650169 0.3999567 5.4618921,
-0.3807378 0.3893031 5.4697575,
-0.2719717 0.3096165 5.4140803,
-0.2791114 0.3063157 5.4330709,
-0.2904697 0.3010646 5.4493787,
-0.3052720 0.2942213 5.4618921,
-0.3225094 0.2862520 5.4697575,
-0.1968504 -1.2992126 2.7559059,
-0.1968504 -1.6929134 2.7559059,
-0.1968504 1.4566929 2.7559059,
-0.1968504 1.0629921 2.7559059,
-2.1652524 -1.2992126 2.7559059,
-2.1652524 -1.6929134 2.7559059,
-2.1652524 1.4566929 2.7559059,
-2.1652524 1.0629921 2.7559059,
-1.1614173 -0.1574803 -1.2598425,
-1.1614173 0.1574803 -1.2598425,
-0.9217228 0.1574803 -1.5748031,
-1.0467811 0.1574803 -1.5748031,
-0.8070866 0.1574803 -1.2598425,
-0.8070866 -0.1574803 -1.2598425,
-0.9217228 -0.1574803 -1.5748031,
-1.0467811 -0.1574803 -1.5748031,
-1.4853642 2.0433071 1.1367185,
-1.6082760 2.0433071 0.8217579,
-1.5621839 2.0433071 0.8217579,
-1.5303157 2.0433071 0.9101004,
-1.4002024 2.0433071 0.9101004,
-1.3701350 2.0433071 0.8217579,
-1.3240429 2.0433071 0.8217579,
-1.4431134 2.0433071 1.1367185,
-1.4108252 2.0433071 0.9446697,
-1.4578173 2.0433071 1.0762232,
-1.4608484 2.0433071 1.0871465,
-1.4628587 2.0433071 1.0983091,
-1.4638787 2.0433071 1.0983091,
-1.4659339 2.0433071 1.0871803,
-1.4687402 2.0433071 1.0762232,
-1.5161524 2.0433071 0.9446697,
-1.4108252 2.0472441 0.9446697,
-1.5161524 2.0472441 0.9446697,
-1.4578173 2.0472441 1.0762232,
-1.4608484 2.0472441 1.0871465,
-1.4628587 2.0472441 1.0983091,
-1.4638787 2.0472441 1.0983091,
-1.4659339 2.0472441 1.0871803,
-1.4687402 2.0472441 1.0762232,
-1.1331343 2.0433071 0.8217579,
-1.0474921 2.0433071 0.8217579,
-1.0474921 2.0433071 1.1367185,
-1.1363752 2.0433071 1.1367185,
-1.3009969 2.0433071 0.9831996,
-1.2987083 2.0433071 1.0128354,
-1.2902488 2.0433071 1.0438681,
-1.2756114 2.0433071 1.0709547,
-1.2533390 2.0433071 1.0956516,
-1.2530098 2.0433071 1.0959406,
-1.2187287 2.0433071 1.1189150,
-1.1818780 2.0433071 1.1318547,
-1.1721051 2.0433071 0.8251598,
-1.2083972 2.0433071 0.8359772,
-1.2412831 2.0433071 0.8550886,
-1.2672079 2.0433071 0.8799106,
-1.2852697 2.0433071 0.9080819,
-1.2965776 2.0433071 0.9410488,
-1.2377764 2.0433071 1.0579827,
-1.2224776 2.0433071 1.0742268,
-1.1994717 2.0433071 1.0890890,
-1.1734732 2.0433071 1.0981874,
-1.1361949 2.0433071 1.1021496,
-1.0897429 2.0433071 1.1021496,
-1.0897429 2.0433071 0.8563272,
-1.1344547 2.0433071 0.8563272,
-1.1676831 2.0433071 0.8594197,
-1.1941874 2.0433071 0.8676929,
-1.2156673 2.0433071 0.8804480,
-1.2333327 2.0433071 0.8978961,
-1.2466169 2.0433071 0.9196118,
-1.2558547 2.0433071 0.9492181,
-1.2587465 2.0433071 0.9822992,
-1.2560705 2.0433071 1.0136457,
-1.2487181 2.0433071 1.0385571,
-1.1361949 2.0472441 1.1021496,
-1.0897429 2.0472441 1.1021496,
-1.1734732 2.0472441 1.0981874,
-1.1994717 2.0472441 1.0890890,
-1.2224776 2.0472441 1.0742268,
-1.2377764 2.0472441 1.0579827,
-1.2487181 2.0472441 1.0385571,
-1.2560705 2.0472441 1.0136457,
-1.2587465 2.0472441 0.9822992,
-1.2558547 2.0472441 0.9492181,
-1.2466169 2.0472441 0.9196118,
-1.2333327 2.0472441 0.8978961,
-1.2156673 2.0472441 0.8804480,
-1.1941874 2.0472441 0.8676929,
-1.1676831 2.0472441 0.8594197,
-1.1344547 2.0472441 0.8563272,
-1.0897429 2.0472441 0.8563272,
-0.9860366 2.0433071 0.8563272,
-0.9860366 2.0433071 0.8217579,
-0.8170331 2.0433071 0.8217579,
-0.8170331 2.0433071 1.1367185,
-0.9783543 2.0433071 1.1367185,
-0.9783543 2.0433071 1.1021496,
-0.8592839 2.0433071 1.1021496,
-0.8592839 2.0433071 0.9984433,
-0.9706724 2.0433071 0.9984433,
-0.9706724 2.0433071 0.9638744,
-0.8592839 2.0433071 0.9638744,
-0.8592839 2.0433071 0.8563272,
-0.7555776 2.0433071 0.8726512,
-0.7555776 2.0433071 0.8380823,
-0.6689154 2.0433071 0.8179173,
-0.6775272 2.0433071 0.8180650,
-0.7220043 2.0433071 0.8242972,
-0.5212776 2.0433071 0.9732972,
-0.5243232 2.0433071 0.9368201,
-0.5338024 2.0433071 0.9034823,
-0.5505811 2.0433071 0.8735343,
-0.5742386 2.0433071 0.8486280,
-0.5995736 2.0433071 0.8324496,
-0.6301008 2.0433071 0.8219417,
-0.6814587 2.0433071 1.1405594,
-0.6498240 2.0433071 1.1379768,
-0.6147118 2.0433071 1.1277764,
-0.5847957 2.0433071 1.1105563,
-0.5563606 2.0433071 1.0832094,
-0.5379000 2.0433071 1.0537626,
-0.5258083 2.0433071 1.0180744,
-0.7191630 2.0433071 1.1379579,
-0.7555776 2.0433071 1.1280764,
-0.7555776 2.0433071 1.0858260,
-0.6818185 2.0433071 1.1059909,
-0.7201004 2.0433071 1.1010173,
-0.5635283 2.0433071 0.9758776,
-0.5650307 2.0433071 1.0003831,
-0.5734260 2.0433071 1.0341008,
-0.5864110 2.0433071 1.0584193,
-0.6054307 2.0433071 1.0794165,
-0.6272307 2.0433071 1.0940000,
-0.6508047 2.0433071 1.1025079,
-0.6747366 2.0433071 0.8524858,
-0.6453598 2.0433071 0.8557811,
-0.6224102 2.0433071 0.8642299,
-0.6030803 2.0433071 0.8772583,
-0.5883008 2.0433071 0.8928512,
-0.5752744 2.0433071 0.9146902,
-0.5667173 2.0433071 0.9417811,
-0.7499327 2.0433071 0.8695244,
-0.7165449 2.0433071 0.8571260,
-0.4943906 2.0433071 0.8563272,
-0.4943906 2.0433071 0.8217579,
-0.3330693 2.0433071 0.8217579,
-0.3330693 2.0433071 1.1367185,
-0.3753201 2.0433071 1.1367185,
-0.3753201 2.0433071 0.8563272,
1.4763780 1.9530547 1.7215787,
1.4763780 1.9330913 1.7473043,
1.4763780 1.9091598 1.7693878,
1.4763780 1.1417323 1.8110244,
1.4763780 1.1417323 1.6929126,
1.4763780 1.7880878 1.8110244,
1.4763780 1.9685039 1.6929126,
1.4763780 1.8205394 1.8083307,
1.4763780 1.8521031 1.8003244,
1.4763780 1.8819154 1.7872236,
0.4921260 1.9685039 1.6929126,
0.4921260 1.1417323 1.6929126,
0.4921260 1.1417323 1.8110244,
0.4921260 1.7880878 1.8110244,
0.4921260 1.8205394 1.8083307,
0.4921260 1.8521031 1.8003244,
0.4921260 1.8819154 1.7872236,
0.4921260 1.9091598 1.7693878,
0.4921260 1.9530547 1.7215787,
0.4921260 1.9330913 1.7473043,
1.2866854 2.0472441 1.1059909,
1.3176992 2.0472441 1.1025079,
1.2185713 2.0472441 0.8695244,
1.1514709 2.0472441 1.1367185,
1.2592134 2.0472441 1.1386390,
1.2493409 2.0472441 1.1379579,
1.2129264 2.0472441 1.1280764,
1.2129264 2.0472441 1.0858260,
1.1514709 2.0472441 0.8217579,
0.9901492 2.0472441 1.1021496,
0.9517398 2.0472441 0.0000000,
0.9517398 2.0472441 1.1386390,
0.9901492 2.0472441 1.1367185,
1.1092201 2.0472441 1.1021496,
1.1092201 2.0472441 0.9984433,
1.2484035 2.0472441 1.1010173,
1.2129264 2.0472441 0.8726512,
1.1092201 2.0472441 0.9638744,
1.1092201 2.0472441 0.8563272,
0.9978315 2.0472441 0.9638744,
0.9824673 2.0472441 0.8563272,
0.9978315 2.0472441 0.9984433,
1.4306039 2.0472441 1.0537626,
1.4121433 2.0472441 1.0832094,
1.5931835 2.0472441 1.1367185,
1.3837083 2.0472441 1.1105563,
1.3537921 2.0472441 1.1277764,
1.9685039 2.0472441 1.1386390,
1.9685039 2.0472441 0.0000000,
1.6354346 2.0472441 0.8217579,
0.9824673 2.0472441 0.8217579,
1.3186803 2.0472441 1.1379768,
1.3105697 2.0472441 1.1386390,
1.6354346 2.0472441 1.1367185,
1.3412732 2.0472441 1.0940000,
1.3630732 2.0472441 1.0794165,
1.3820929 2.0472441 1.0584193,
1.4049756 2.0472441 0.9758776,
1.4017866 2.0472441 0.9417811,
1.3932295 2.0472441 0.9146902,
1.3231445 2.0472441 0.8557811,
1.2937673 2.0472441 0.8524858,
1.3460937 2.0472441 0.8642299,
1.3654236 2.0472441 0.8772583,
1.3802031 2.0472441 0.8928512,
1.2519591 2.0472441 0.8571260,
1.3950780 2.0472441 1.0341008,
1.4034732 2.0472441 1.0003831,
1.5931835 2.0472441 0.8563272,
1.4472264 2.0472441 0.9732972,
1.4426957 2.0472441 1.0180744,
1.3689303 2.0472441 0.8324496,
1.3942654 2.0472441 0.8486280,
1.4741134 2.0472441 0.8217579,
1.4179228 2.0472441 0.8735343,
1.4741134 2.0472441 0.8563272,
1.4347016 2.0472441 0.9034823,
1.4441807 2.0472441 0.9368201,
1.2129264 2.0472441 0.8380823,
1.2464996 2.0472441 0.8242972,
1.2909768 2.0472441 0.8180650,
1.2995886 2.0472441 0.8179173,
1.3384031 2.0472441 0.8219417,
1.9685039 2.0472441 1.8897638,
1.4763780 2.0472441 1.8897638,
1.2870457 2.0472441 1.1405594,
0.9517398 2.0472441 1.8897638,
0.4921260 2.0472441 1.8897638,
0.4381882 2.0472441 0.9101004,
0.5683016 2.0472441 0.9101004,
0.4063201 2.0472441 0.8217579,
0.5983693 2.0472441 0.8217579,
0.3602280 2.0472441 0.8217579,
0.6444610 2.0472441 0.8217579,
0.4831398 2.0472441 1.1367185,
0.5253906 2.0472441 1.1367185,
0.8321291 2.0472441 1.1367185,
0.7866260 2.0472441 1.1318547,
0.7497752 2.0472441 1.1189150,
0.7154945 2.0472441 1.0959406,
0.6832343 2.0472441 0.9080819,
0.7012965 2.0472441 0.8799106,
0.7272205 2.0472441 0.8550886,
0.7601067 2.0472441 0.8359772,
0.7151650 2.0472441 1.0956516,
0.6928925 2.0472441 1.0709547,
0.6782551 2.0472441 1.0438681,
0.7963988 2.0472441 0.8251598,
0.8353697 2.0472441 0.8217579,
0.9210118 2.0472441 0.8217579,
0.9210118 2.0472441 1.1367185,
0.6697957 2.0472441 1.0128354,
0.6675067 2.0472441 0.9831996,
0.6719264 2.0472441 0.9410488,
-0.1967484 1.0629921 0.0000000,
-0.1967484 1.4566929 0.0000000,
0.0000000 1.1547374 0.0000000,
0.0000000 1.3649476 0.0000000,
-0.1967484 -1.6929134 0.0000000,
-0.1967484 -1.2992126 0.0000000,
0.0000000 -1.6011681 0.0000000,
0.0000000 -1.3909579 0.0000000,
1.7716535 1.0629921 0.0000000,
1.1614173 -0.1574803 0.0000000,
1.1614173 0.1574803 0.0000000,
1.7716535 -1.2992126 0.0000000,
1.9685039 1.1547850 0.0000000,
1.9685039 -1.3910055 0.0000000,
1.9685039 -1.6011205 0.0000000,
1.9685039 -2.0866142 0.0000000,
1.7716535 -1.6929134 0.0000000,
0.8070866 -0.1574803 0.0000000,
0.8070866 0.1574803 0.0000000,
1.7716535 1.4566929 0.0000000,
1.9685039 1.3649000 0.0000000,
0.0000000 -1.3909579 2.7559059,
0.0000000 1.1547374 2.7559059,
0.0000000 1.3649476 2.7559059,
0.0000000 -1.6011681 2.7559059,
0.4921260 -1.8897638 0.7874012,
1.4763780 -1.8897638 0.7874012,
0.4921260 -1.6929134 0.7874012,
1.4763780 -1.6929134 0.7874012,
1.4763780 -1.6888890 0.8179705,
1.4763780 -1.6053724 0.9014874,
1.4763780 -1.6338583 0.8896882,
1.4763780 -1.8897638 2.1653539,
1.4763780 -1.6583197 0.8709181,
1.4763780 -1.6770898 0.8464567,
1.4763780 -0.1181102 1.6606882,
1.4763780 -0.1181102 0.9055118,
1.4763780 -1.2992126 1.6606882,
1.4763780 -1.5748031 0.9055118,
1.4763780 -1.4011098 1.6741035,
1.4763780 -1.4960630 1.7134346,
1.4763780 -1.5776012 1.7760004,
1.4763780 -1.6929134 2.1653539,
1.4763780 -1.6929134 2.0543890,
1.4763780 -1.6794984 1.9524917,
1.4763780 -1.6401673 1.8575386,
0.4921260 -1.6929134 2.0543890,
0.4921260 -1.6929134 2.1653539,
0.4921260 -1.8897638 2.1653539,
0.4921260 -1.6338583 0.8896882,
0.4921260 -1.6053724 0.9014874,
0.4921260 -1.6888890 0.8179705,
0.4921260 -1.6770898 0.8464567,
0.4921260 -1.6583197 0.8709181,
0.4921260 -0.1181102 0.9055118,
0.4921260 -0.1181102 1.6606882,
0.4921260 -1.5748031 0.9055118,
0.4921260 -1.2992126 1.6606882,
0.4921260 -1.4011098 1.6741035,
0.4921260 -1.4960630 1.7134346,
0.4921260 -1.5776012 1.7760004,
0.4921260 -1.6401673 1.8575386,
0.4921260 -1.6794984 1.9524917,
1.6274961 -0.3170701 5.4724413,
1.6671413 -0.2090606 5.4724413,
0.5553008 -0.5837791 5.4724413,
1.6860449 -0.1181102 5.4724413,
0.2824587 -0.1181102 5.4724413,
0.3013626 -0.2090606 5.4724413,
0.3410075 -0.3170701 5.4724413,
0.3976083 -0.4172406 5.4724413,
0.4696724 -0.5069315 5.4724413,
0.6522362 -0.6457575 5.4724413,
0.7579232 -0.6912327 5.4724413,
1.4988311 -0.5069315 5.4724413,
1.5708957 -0.4172406 5.4724413,
1.2105807 -0.6912327 5.4724413,
1.3162677 -0.6457575 5.4724413,
1.0989276 -0.7190067 5.4724413,
0.9842520 -0.7283465 5.4724413,
0.8695760 -0.7190067 5.4724413,
1.4132031 -0.5837791 5.4724413,
0.2756193 -0.3608787 5.3937008,
0.3324256 -0.4614130 5.3937008,
0.3340598 -0.4603055 5.4112220,
0.3706583 -0.5089976 5.3937008,
0.4124972 -0.5610701 5.3937008,
0.4139307 -0.5597126 5.4112220,
0.6433579 -0.7273740 5.3937008,
0.7327756 -0.7658492 5.3937008,
0.7334059 -0.7639783 5.4112220,
1.1588736 -0.7849669 5.3937008,
1.2357283 -0.7658492 5.3937008,
1.2350976 -0.7639783 5.4112220,
1.4743437 -0.6343587 5.3937008,
1.5560067 -0.5610701 5.3937008,
1.5545732 -0.5597126 5.4112220,
1.5978453 -0.5089976 5.3937008,
1.6360780 -0.4614130 5.3937008,
1.6344441 -0.4603055 5.4112220,
0.2183547 -0.1945449 5.3937008,
0.2254858 -0.2301024 5.3937008,
0.2273882 -0.2295748 5.4112220,
1.6840256 -0.2137429 5.4704669,
1.7037173 -0.1181102 5.4703386,
1.7048685 -0.1181102 5.4702012,
1.7000630 -0.2181902 5.4646437,
1.7125906 -0.1181102 5.4679201,
1.7264642 -0.2255114 5.4427949,
1.7361091 -0.1181102 5.4548465,
1.7144496 -0.2221799 5.4552622,
1.7294972 -0.1181102 5.4596268,
1.7202791 -0.1181102 5.4641488,
1.7571280 -0.1181102 5.4276409,
1.7537988 -0.1181102 5.4348138,
1.7355039 -0.2280185 5.4278650,
1.7491752 -0.1181102 5.4415047,
1.7480323 -0.1181102 5.4426717,
1.7616067 -0.1181102 5.4179909,
1.7411154 -0.2295748 5.4112220,
1.7634441 -0.1181102 5.4112102,
1.7430177 -0.2301024 5.3937008,
1.7501488 -0.1945449 5.3937008,
1.7654776 -0.1181102 5.3937008,
1.7637079 -0.1181102 5.4102378,
0.2330000 -0.2280185 5.4278650,
0.2069484 -0.1181102 5.4181480,
0.2054217 -0.1181102 5.4111350,
0.2035035 -0.1181102 5.4023252,
0.2030260 -0.1181102 5.3937008,
0.2420398 -0.2255114 5.4427949,
0.2148067 -0.1181102 5.4349791,
0.2113795 -0.1181102 5.4276382,
0.2540543 -0.2221799 5.4552622,
0.2324039 -0.1181102 5.4548539,
0.2193142 -0.1181102 5.4414858,
0.2555906 -0.1181102 5.4678059,
0.2482256 -0.1181102 5.4641520,
0.2684409 -0.2181902 5.4646437,
0.2386933 -0.1181102 5.4594232,
0.2329339 -0.1181102 5.4552382,
0.2630252 -0.1181102 5.4700520,
0.2844783 -0.2137429 5.4704669,
0.2647961 -0.1181102 5.4702697,
1.6434004 -0.3244224 5.4704669,
1.5854000 -0.4270697 5.4704669,
1.6585067 -0.3314067 5.4646437,
1.5991772 -0.4364063 5.4646437,
1.6720583 -0.3376717 5.4552622,
1.6115362 -0.4447815 5.4552622,
1.6833748 -0.3429039 5.4427949,
1.6218575 -0.4517760 5.4427949,
1.6918902 -0.3468406 5.4278650,
1.6296228 -0.4570386 5.4278650,
1.6971760 -0.3492843 5.4112220,
1.3244768 -0.6612366 5.4704669,
1.2161764 -0.7078366 5.4704669,
1.3322740 -0.6759398 5.4646437,
1.2214917 -0.7236075 5.4646437,
1.3392685 -0.6891295 5.4552622,
1.2262598 -0.7377555 5.4552622,
1.3451098 -0.7001445 5.4427949,
1.2302417 -0.7495701 5.4427949,
1.3495051 -0.7084319 5.4278650,
1.2332378 -0.7584598 5.4278650,
1.3522335 -0.7135768 5.4112220,
0.8667409 -0.7362969 5.4704669,
0.7523272 -0.7078366 5.4704669,
0.8640476 -0.7527205 5.4646437,
0.7470122 -0.7236075 5.4646437,
0.8616319 -0.7674531 5.4552622,
0.7422437 -0.7377555 5.4552622,
0.8596142 -0.7797567 5.4427949,
0.7382618 -0.7495701 5.4427949,
0.8580961 -0.7890138 5.4278650,
0.7352657 -0.7584598 5.4278650,
0.8571539 -0.7947606 5.4112220,
0.5446953 -0.5977260 5.4704669,
0.4569496 -0.5189783 5.4704669,
0.5346217 -0.6109736 5.4646437,
0.4448650 -0.5304213 5.4646437,
0.5255846 -0.6228575 5.4552622,
0.4340240 -0.5406862 5.4552622,
0.5180378 -0.6327819 5.4427949,
0.4249709 -0.5492587 5.4427949,
0.5123594 -0.6402492 5.4278650,
0.4181591 -0.5557087 5.4278650,
0.5088346 -0.6448846 5.4112220,
1.6989677 -0.3501126 5.3937008,
1.6928846 -0.3608787 5.3937008,
1.5115539 -0.5189783 5.4704669,
1.5236390 -0.5304213 5.4646437,
1.5344795 -0.5406862 5.4552622,
1.5435331 -0.5492587 5.4427949,
1.5503445 -0.5557087 5.4278650,
1.4608638 -0.6464563 5.3937008,
1.4596689 -0.6448846 5.4112220,
1.4561441 -0.6402492 5.4278650,
1.4504657 -0.6327819 5.4427949,
1.4429193 -0.6228575 5.4552622,
1.4338823 -0.6109736 5.4646437,
1.4238087 -0.5977260 5.4704669,
1.3531583 -0.7153209 5.3937008,
1.3251461 -0.7273740 5.3937008,
1.1116693 -0.7967091 5.3937008,
1.1113500 -0.7947606 5.4112220,
1.1104075 -0.7890138 5.4278650,
1.1088894 -0.7797567 5.4427949,
1.1068720 -0.7674531 5.4552622,
1.1044559 -0.7527205 5.4646437,
1.1017630 -0.7362969 5.4704669,
0.9842520 -0.7458677 5.4704669,
0.9842520 -0.7625106 5.4646437,
0.9842520 -0.7774402 5.4552622,
0.9842520 -0.7899079 5.4427949,
0.9842520 -0.7992890 5.4278650,
0.9842520 -0.8051126 5.4112220,
0.9842520 -0.8070866 5.3937008,
0.8568343 -0.7967091 5.3937008,
0.8096299 -0.7849669 5.3937008,
0.6153457 -0.7153209 5.3937008,
0.6162705 -0.7135768 5.4112220,
0.6189988 -0.7084319 5.4278650,
0.6233937 -0.7001445 5.4427949,
0.6292354 -0.6891295 5.4552622,
0.6362299 -0.6759398 5.4646437,
0.6440272 -0.6612366 5.4704669,
0.5076398 -0.6464563 5.3937008,
0.4941602 -0.6343587 5.3937008,
0.3388807 -0.4570386 5.4278650,
0.3466465 -0.4517760 5.4427949,
0.3569677 -0.4447815 5.4552622,
0.3693264 -0.4364063 5.4646437,
0.3831039 -0.4270697 5.4704669,
0.2695358 -0.3501126 5.3937008,
0.2713280 -0.3492843 5.4112220,
0.2766138 -0.3468406 5.4278650,
0.2851287 -0.3429039 5.4427949,
0.2964457 -0.3376717 5.4552622,
0.3099972 -0.3314067 5.4646437,
0.3251035 -0.3244224 5.4704669,
1.9685039 -1.6011205 2.7559059,
1.9685039 -1.3910055 2.7559059,
1.9685039 1.0800933 5.5511811,
1.9685039 -2.0866142 2.7952756,
1.9685039 1.0973835 5.5492594,
1.9685039 1.1547850 2.7559059,
1.9685039 1.3649000 2.7559059,
1.9685039 1.1565307 5.4913441,
1.9685039 -1.9881890 2.9657535,
1.9685039 -2.0289579 2.9344697,
1.9685039 -1.1970882 5.4934551,
1.9685039 -1.8897638 2.9921260,
1.9685039 -1.9407126 2.9854185,
1.9685039 -2.0602413 2.8937016,
1.9685039 -2.0799067 2.8462240,
1.9685039 1.1505138 5.5076685,
1.9685039 1.1410598 5.5222720,
1.9685039 1.1286295 5.5344429,
1.9685039 1.1138299 5.5435878,
1.9685039 -1.1212039 5.5511811,
1.9685039 -1.1414563 5.5485323,
1.9685039 -1.1603457 5.5407634,
1.9685039 -1.1766020 5.5283972,
1.9685039 -1.1891303 5.5122657,
1.7125984 -2.0866142 2.6377953,
0.2559055 -2.0866142 2.6377953,
0.2559055 -2.0866142 0.6299217,
1.7125984 -2.0866142 0.6299217,
1.8110236 -0.0196850 5.5511811,
1.7902945 -0.2036591 5.5511811,
1.7291472 -0.3784079 5.5511811,
0.6255291 -0.7645807 5.5511811,
0.4687681 -0.6660811 5.5511811,
0.3378559 -0.5351689 5.5511811,
0.2393563 -0.3784079 5.5511811,
1.6306480 -0.5351689 5.5511811,
1.4997354 -0.6660811 5.5511811,
1.3429748 -0.7645807 5.5511811,
1.1682260 -0.8257280 5.5511811,
0.9842520 -0.8464567 5.5511811,
0.8002780 -0.8257280 5.5511811,
0.1782091 -0.2036591 5.5511811,
0.1574803 -0.0196850 5.5511811,
0.1782091 0.1642890 5.5511811,
0.2393563 0.3390378 5.5511811,
1.6306480 0.4957984 5.5511811,
1.4997354 0.6267110 5.5511811,
1.3429748 0.7252106 5.5511811,
1.7291472 0.3390378 5.5511811,
1.7902945 0.1642890 5.5511811,
0.3378559 0.4957984 5.5511811,
0.4687681 0.6267110 5.5511811,
0.6255291 0.7252106 5.5511811,
0.8002780 0.7863575 5.5511811,
0.9842520 0.8070866 5.5511811,
1.1682260 0.7863575 5.5511811,
1.4763780 1.5748031 3.8000689,
0.4921260 1.5748031 3.8000689,
1.4763780 1.5748031 2.4803150,
1.4763780 1.9685039 1.8897638,
1.4763780 1.3779528 1.8897638,
1.4763780 1.1417323 1.8897638,
0.4921260 1.5748031 2.4803150,
0.4921260 1.1417323 1.8897638,
0.4921260 1.3779528 1.8897638,
0.4921260 1.9685039 1.8897638,
1.8110236 -0.0196850 5.1574803,
1.7902945 0.1642890 5.1574803,
1.7291472 0.3390378 5.1574803,
1.6306480 0.4957984 5.1574803,
1.4997354 0.6267110 5.1574803,
1.3429748 0.7252106 5.1574803,
1.1682260 0.7863575 5.1574803,
0.9842520 0.8070866 5.1574803,
0.8002780 0.7863575 5.1574803,
0.6255291 0.7252106 5.1574803,
0.4687681 0.6267110 5.1574803,
0.3378559 0.4957984 5.1574803,
0.2393563 0.3390378 5.1574803,
0.1782091 0.1642890 5.1574803,
0.1574803 -0.0196850 5.1574803,
0.1782091 -0.2036591 5.1574803,
0.2393563 -0.3784079 5.1574803,
0.3378559 -0.5351689 5.1574803,
0.4687681 -0.6660811 5.1574803,
0.6255291 -0.7645807 5.1574803,
0.8002780 -0.8257280 5.1574803,
0.9842520 -0.8464567 5.1574803,
1.1682260 -0.8257280 5.1574803,
1.3429748 -0.7645807 5.1574803,
1.4997354 -0.6660811 5.1574803,
1.6306480 -0.5351689 5.1574803,
1.7291472 -0.3784079 5.1574803,
1.7902945 -0.2036591 5.1574803,
0.2165921 0.1555283 5.1574803,
0.1968504 -0.0196850 5.1574803,
0.2165921 -0.1948984 5.1574803,
0.2748276 -0.3613260 5.1574803,
0.3686366 -0.5106220 5.1574803,
0.4933150 -0.6353004 5.1574803,
0.6426110 -0.7291094 5.1574803,
0.8090386 -0.7873449 5.1574803,
0.9842520 -0.8070866 5.1574803,
1.1594654 -0.7873449 5.1574803,
1.3258929 -0.7291094 5.1574803,
1.4751890 -0.6353004 5.1574803,
1.5998673 -0.5106220 5.1574803,
1.6936760 -0.3613260 5.1574803,
1.7519118 -0.1948984 5.1574803,
1.7716535 -0.0196850 5.1574803,
1.7519118 0.1555283 5.1574803,
1.6936760 0.3219555 5.1574803,
1.5998673 0.4712516 5.1574803,
1.4751890 0.5959303 5.1574803,
1.3258929 0.6897394 5.1574803,
1.1594654 0.7479748 5.1574803,
0.9842520 0.7677165 5.1574803,
0.8090386 0.7479748 5.1574803,
0.6426110 0.6897394 5.1574803,
0.4933150 0.5959303 5.1574803,
0.3686366 0.4712516 5.1574803,
0.2748276 0.3219555 5.1574803,
1.7654776 -0.1181102 5.3149610,
1.7716535 -0.0196850 5.3149610,
1.7654776 0.0787402 5.3149610,
1.7654776 0.0787402 5.3937008,
1.7501488 0.1551748 5.3937008,
0.2030260 0.0787402 5.3937008,
0.2183547 0.1551748 5.3937008,
0.2030260 0.0787402 5.3149610,
0.1968504 -0.0196850 5.3149610,
0.2030260 -0.1181102 5.3149610,
1.7430177 0.1907319 5.3937008,
1.6989677 0.3107425 5.3937008,
1.6360780 0.4220429 5.3937008,
1.6928846 0.3215083 5.3937008,
1.5560067 0.5217000 5.3937008,
1.5978453 0.4696276 5.3937008,
1.3251461 0.6880039 5.3937008,
1.3531583 0.6759508 5.3937008,
1.4608638 0.6070862 5.3937008,
1.4743437 0.5949886 5.3937008,
1.2357283 0.7264791 5.3937008,
1.1588736 0.7455969 5.3937008,
1.1116693 0.7573386 5.3937008,
0.9842520 0.7677165 5.3937008,
0.8568343 0.7573386 5.3937008,
0.8096299 0.7455969 5.3937008,
0.7327756 0.7264791 5.3937008,
0.6433579 0.6880039 5.3937008,
0.6153457 0.6759508 5.3937008,
0.5076398 0.6070862 5.3937008,
0.4124972 0.5217000 5.3937008,
0.4941602 0.5949886 5.3937008,
0.3324256 0.4220429 5.3937008,
0.3706583 0.4696276 5.3937008,
0.2254858 0.1907319 5.3937008,
0.2695358 0.3107425 5.3937008,
0.2756193 0.3215083 5.3937008,
0.2824587 0.0787402 5.4724413,
1.6860449 0.0787402 5.4724413,
0.3013626 0.1696902 5.4724413,
1.6671413 0.1696902 5.4724413,
1.6274961 0.2776996 5.4724413,
1.5708957 0.3778701 5.4724413,
1.4988311 0.4675614 5.4724413,
1.4132031 0.5444091 5.4724413,
1.0989276 0.6796362 5.4724413,
0.9842520 0.6889764 5.4724413,
0.5553008 0.5444091 5.4724413,
0.4696724 0.4675614 5.4724413,
0.3976083 0.3778701 5.4724413,
1.3162677 0.6063874 5.4724413,
1.2105807 0.6518626 5.4724413,
0.8695760 0.6796362 5.4724413,
0.7579232 0.6518626 5.4724413,
0.3410075 0.2776996 5.4724413,
0.6522362 0.6063874 5.4724413,
1.6338575 0.4205378 5.4140803,
1.5540583 0.5198551 5.4140803,
1.2348713 0.7239366 5.4140803,
0.7336323 0.7239366 5.4140803,
1.7348535 0.0787402 5.4558354,
1.7418346 0.0787402 5.4489862,
1.7207941 0.1845689 5.4493787,
1.7404323 0.1900150 5.4140803,
1.7632339 0.0787402 5.4122929,
1.7654772 0.0787402 5.3939315,
1.7527598 0.0787402 5.4364524,
1.7545110 0.0787402 5.4329087,
1.7328524 0.1879130 5.4330709,
1.7609917 0.0787402 5.4197976,
1.7627055 0.0787402 5.4140598,
1.7482142 0.0787402 5.4427272,
1.7285161 0.0787402 5.4602516,
1.7050795 0.1802110 5.4618921,
1.7256429 0.0787402 5.4616091,
1.7114528 0.0787402 5.4683102,
1.6867795 0.1751362 5.4697575,
1.7065941 0.0787402 5.4696756,
1.7039713 0.0787402 5.4704122,
0.2807906 0.0787402 5.4724232,
0.2817240 0.1751362 5.4697575,
0.2620220 0.0787402 5.4697941,
0.2634240 0.1802110 5.4618921,
0.2543130 0.0787402 5.4673386,
0.2618878 0.0787402 5.4697508,
0.2266461 0.0787402 5.4490378,
0.2310858 0.0787402 5.4537701,
0.2477094 0.1845689 5.4493787,
0.2375957 0.0787402 5.4586917,
0.2429516 0.0787402 5.4614618,
0.2183150 0.0787402 5.4401591,
0.2356516 0.1879130 5.4330709,
0.2138378 0.0787402 5.4333752,
0.2069484 0.0787402 5.4181480,
0.2280713 0.1900150 5.4140803,
0.2061094 0.0787402 5.4140043,
0.2032846 0.0787402 5.4000492,
0.3225094 0.2862520 5.4697575,
0.3807378 0.3893031 5.4697575,
0.3052717 0.2942213 5.4618921,
0.3650169 0.3999567 5.4618921,
0.2904697 0.3010646 5.4493787,
0.3515173 0.4091051 5.4493787,
0.2791114 0.3063157 5.4330709,
0.3411583 0.4161252 5.4330709,
0.2719713 0.3096165 5.4140803,
0.3346465 0.4205378 5.4140803,
0.6426882 0.6243917 5.4697575,
0.7514146 0.6711748 5.4697575,
0.6337909 0.6411689 5.4618921,
0.7453492 0.6891709 5.4618921,
0.6261504 0.6555760 5.4493787,
0.7401409 0.7046244 5.4493787,
0.6202878 0.6666311 5.4330709,
0.7361449 0.7164823 5.4330709,
0.6166024 0.6735807 5.4140803,
1.1022256 0.6997472 5.4697575,
1.2170894 0.6711748 5.4697575,
1.1052984 0.7184878 5.4618921,
1.2231543 0.6891709 5.4618921,
1.1079374 0.7345803 5.4493787,
1.2283626 0.7046244 5.4493787,
1.1099622 0.7469287 5.4330709,
1.2323591 0.7164823 5.4330709,
1.1112350 0.7546909 5.4140803,
1.4255386 0.5606311 5.4697575,
1.5136295 0.4815736 5.4697575,
1.4370335 0.5757476 5.4618921,
1.5274189 0.4946307 5.4618921,
1.4469043 0.5887283 5.4493787,
1.5392606 0.5058429 5.4493787,
1.4544787 0.5986890 5.4330709,
1.5483465 0.5144469 5.4330709,
1.4592402 0.6049504 5.4140803,
0.4144453 0.5198551 5.4140803,
0.4201571 0.5144469 5.4330709,
0.4292433 0.5058429 5.4493787,
0.4410846 0.4946307 5.4618921,
0.4548744 0.4815736 5.4697575,
0.5092638 0.6049504 5.4140803,
0.5140252 0.5986890 5.4330709,
0.5215992 0.5887283 5.4493787,
0.5314705 0.5757476 5.4618921,
0.5429654 0.5606311 5.4697575,
0.8572685 0.7546909 5.4140803,
0.8585413 0.7469287 5.4330709,
0.8605661 0.7345803 5.4493787,
0.8632051 0.7184878 5.4618921,
0.8662783 0.6997472 5.4697575,
0.9842520 0.7093559 5.4697575,
0.9842520 0.7283465 5.4618921,
0.9842520 0.7446539 5.4493787,
0.9842520 0.7571673 5.4330709,
0.9842520 0.7650335 5.4140803,
1.3519012 0.6735807 5.4140803,
1.3482157 0.6666311 5.4330709,
1.3423531 0.6555760 5.4493787,
1.3347130 0.6411689 5.4618921,
1.3258157 0.6243917 5.4697575,
1.6273453 0.4161252 5.4330709,
1.6169866 0.4091051 5.4493787,
1.6034870 0.3999567 5.4618921,
1.5877661 0.3893031 5.4697575,
1.6965323 0.3096165 5.4140803,
1.6893925 0.3063157 5.4330709,
1.6780343 0.3010646 5.4493787,
1.6632319 0.2942213 5.4618921,
1.6459945 0.2862520 5.4697575,
1.7716535 -1.2992126 2.7559059,
1.7716535 -1.6929134 2.7559059,
1.7716535 1.4566929 2.7559059,
1.7716535 1.0629921 2.7559059,
-0.1967484 -1.2992126 2.7559059,
-0.1967484 -1.6929134 2.7559059,
-0.1967484 1.4566929 2.7559059,
-0.1967484 1.0629921 2.7559059,
0.8070866 -0.1574803 -1.2598425,
0.8070866 0.1574803 -1.2598425,
1.0467811 0.1574803 -1.5748031,
0.9217228 0.1574803 -1.5748031,
1.1614173 0.1574803 -1.2598425,
1.1614173 -0.1574803 -1.2598425,
1.0467811 -0.1574803 -1.5748031,
0.9217228 -0.1574803 -1.5748031,
0.4831398 2.0433071 1.1367185,
0.3602280 2.0433071 0.8217579,
0.4063201 2.0433071 0.8217579,
0.4381882 2.0433071 0.9101004,
0.5683016 2.0433071 0.9101004,
0.5983693 2.0433071 0.8217579,
0.6444610 2.0433071 0.8217579,
0.5253906 2.0433071 1.1367185,
0.5576787 2.0433071 0.9446697,
0.5106866 2.0433071 1.0762232,
0.5076555 2.0433071 1.0871465,
0.5056453 2.0433071 1.0983091,
0.5046252 2.0433071 1.0983091,
0.5025697 2.0433071 1.0871803,
0.4997638 2.0433071 1.0762232,
0.4523516 2.0433071 0.9446697,
0.5576787 2.0472441 0.9446697,
0.4523516 2.0472441 0.9446697,
0.5106866 2.0472441 1.0762232,
0.5076555 2.0472441 1.0871465,
0.5056453 2.0472441 1.0983091,
0.5046252 2.0472441 1.0983091,
0.5025697 2.0472441 1.0871803,
0.4997638 2.0472441 1.0762232,
0.8353697 2.0433071 0.8217579,
0.9210118 2.0433071 0.8217579,
0.9210118 2.0433071 1.1367185,
0.8321291 2.0433071 1.1367185,
0.6675067 2.0433071 0.9831996,
0.6697957 2.0433071 1.0128354,
0.6782551 2.0433071 1.0438681,
0.6928925 2.0433071 1.0709547,
0.7151650 2.0433071 1.0956516,
0.7154945 2.0433071 1.0959406,
0.7497752 2.0433071 1.1189150,
0.7866260 2.0433071 1.1318547,
0.7963988 2.0433071 0.8251598,
0.7601067 2.0433071 0.8359772,
0.7272205 2.0433071 0.8550886,
0.7012965 2.0433071 0.8799106,
0.6832343 2.0433071 0.9080819,
0.6719264 2.0433071 0.9410488,
0.7307276 2.0433071 1.0579827,
0.7460264 2.0433071 1.0742268,
0.7690327 2.0433071 1.0890890,
0.7950307 2.0433071 1.0981874,
0.8323091 2.0433071 1.1021496,
0.8787610 2.0433071 1.1021496,
0.8787610 2.0433071 0.8563272,
0.8340496 2.0433071 0.8563272,
0.8008209 2.0433071 0.8594197,
0.7743165 2.0433071 0.8676929,
0.7528366 2.0433071 0.8804480,
0.7351713 2.0433071 0.8978961,
0.7218870 2.0433071 0.9196118,
0.7126492 2.0433071 0.9492181,
0.7097575 2.0433071 0.9822992,
0.7124335 2.0433071 1.0136457,
0.7197858 2.0433071 1.0385571,
0.8323091 2.0472441 1.1021496,
0.8787610 2.0472441 1.1021496,
0.7950307 2.0472441 1.0981874,
0.7690327 2.0472441 1.0890890,
0.7460264 2.0472441 1.0742268,
0.7307276 2.0472441 1.0579827,
0.7197858 2.0472441 1.0385571,
0.7124335 2.0472441 1.0136457,
0.7097575 2.0472441 0.9822992,
0.7126492 2.0472441 0.9492181,
0.7218870 2.0472441 0.9196118,
0.7351713 2.0472441 0.8978961,
0.7528366 2.0472441 0.8804480,
0.7743165 2.0472441 0.8676929,
0.8008209 2.0472441 0.8594197,
0.8340496 2.0472441 0.8563272,
0.8787610 2.0472441 0.8563272,
0.9824673 2.0433071 0.8563272,
0.9824673 2.0433071 0.8217579,
1.1514709 2.0433071 0.8217579,
1.1514709 2.0433071 1.1367185,
0.9901492 2.0433071 1.1367185,
0.9901492 2.0433071 1.1021496,
1.1092201 2.0433071 1.1021496,
1.1092201 2.0433071 0.9984433,
0.9978315 2.0433071 0.9984433,
0.9978315 2.0433071 0.9638744,
1.1092201 2.0433071 0.9638744,
1.1092201 2.0433071 0.8563272,
1.2129264 2.0433071 0.8726512,
1.2129264 2.0433071 0.8380823,
1.2995886 2.0433071 0.8179173,
1.2909768 2.0433071 0.8180650,
1.2464996 2.0433071 0.8242972,
1.4472264 2.0433071 0.9732972,
1.4441807 2.0433071 0.9368201,
1.4347016 2.0433071 0.9034823,
1.4179228 2.0433071 0.8735343,
1.3942654 2.0433071 0.8486280,
1.3689303 2.0433071 0.8324496,
1.3384031 2.0433071 0.8219417,
1.2870457 2.0433071 1.1405594,
1.3186803 2.0433071 1.1379768,
1.3537921 2.0433071 1.1277764,
1.3837083 2.0433071 1.1105563,
1.4121433 2.0433071 1.0832094,
1.4306039 2.0433071 1.0537626,
1.4426957 2.0433071 1.0180744,
1.2493409 2.0433071 1.1379579,
1.2129264 2.0433071 1.1280764,
1.2129264 2.0433071 1.0858260,
1.2866854 2.0433071 1.1059909,
1.2484035 2.0433071 1.1010173,
1.4049756 2.0433071 0.9758776,
1.4034732 2.0433071 1.0003831,
1.3950780 2.0433071 1.0341008,
1.3820929 2.0433071 1.0584193,
1.3630732 2.0433071 1.0794165,
1.3412732 2.0433071 1.0940000,
1.3176992 2.0433071 1.1025079,
1.2937673 2.0433071 0.8524858,
1.3231445 2.0433071 0.8557811,
1.3460937 2.0433071 0.8642299,
1.3654236 2.0433071 0.8772583,
1.3802031 2.0433071 0.8928512,
1.3932295 2.0433071 0.9146902,
1.4017866 2.0433071 0.9417811,
1.2185713 2.0433071 0.8695244,
1.2519591 2.0433071 0.8571260,
1.4741134 2.0433071 0.8563272,
1.4741134 2.0433071 0.8217579,
1.6354346 2.0433071 0.8217579,
1.6354346 2.0433071 1.1367185,
1.5931835 2.0433071 1.1367185,
1.5931835 2.0433071 0.8563272,
] } coordIndex [
199, 197, 180, -1,
180, 197, 178, -1,
169, 168, 184, -1,
184, 168, 185, -1,
181, 179, 198, -1,
198, 179, 196, -1,
181, 198, 188, -1,
181, 188, 172, -1,
172, 188, 187, -1,
172, 187, 175, -1,
175, 187, 195, -1,
175, 195, 176, -1,
176, 195, 194, -1,
176, 194, 177, -1,
177, 194, 193, -1,
177, 193, 167, -1,
167, 193, 165, -1,
167, 165, 166, -1,
169, 184, 192, -1,
169, 192, 171, -1,
171, 192, 191, -1,
171, 191, 173, -1,
173, 191, 190, -1,
173, 190, 174, -1,
174, 190, 189, -1,
174, 189, 183, -1,
183, 189, 200, -1,
183, 200, 182, -1,
182, 200, 199, -1,
182, 199, 180, -1,
685, 686, 95, -1,
95, 686, 92, -1,
686, 687, 92, -1,
92, 687, 90, -1,
687, 688, 90, -1,
90, 688, 88, -1,
688, 689, 88, -1,
88, 689, 89, -1,
689, 690, 89, -1,
89, 690, 91, -1,
690, 691, 91, -1,
91, 691, 94, -1,
691, 692, 94, -1,
94, 692, 96, -1,
692, 685, 96, -1,
96, 685, 95, -1,
693, 694, 692, -1,
691, 690, 689, -1,
694, 695, 692, -1,
692, 695, 696, -1,
692, 696, 685, -1,
685, 696, 697, -1,
685, 697, 698, -1,
698, 699, 685, -1,
685, 699, 700, -1,
685, 700, 686, -1,
687, 686, 688, -1,
688, 686, 700, -1,
688, 700, 689, -1,
689, 700, 693, -1,
689, 693, 691, -1,
691, 693, 692, -1,
693, 700, 701, -1,
701, 700, 702, -1,
694, 693, 703, -1,
703, 693, 701, -1,
694, 703, 704, -1,
694, 704, 695, -1,
695, 704, 705, -1,
695, 705, 696, -1,
697, 696, 706, -1,
706, 696, 705, -1,
697, 706, 707, -1,
697, 707, 698, -1,
698, 707, 708, -1,
698, 708, 699, -1,
700, 699, 702, -1,
702, 699, 708, -1,
709, 710, 109, -1,
109, 710, 110, -1,
710, 711, 110, -1,
110, 711, 111, -1,
711, 712, 111, -1,
111, 712, 97, -1,
713, 113, 112, -1,
713, 112, 714, -1,
714, 112, 107, -1,
714, 107, 715, -1,
715, 107, 106, -1,
715, 106, 716, -1,
716, 106, 105, -1,
716, 105, 717, -1,
717, 105, 100, -1,
717, 100, 718, -1,
718, 100, 99, -1,
718, 99, 719, -1,
719, 99, 98, -1,
719, 98, 720, -1,
720, 98, 97, -1,
720, 97, 712, -1,
709, 109, 108, -1,
709, 108, 721, -1,
721, 108, 104, -1,
721, 104, 722, -1,
722, 104, 103, -1,
722, 103, 723, -1,
723, 103, 102, -1,
723, 102, 724, -1,
724, 102, 101, -1,
724, 101, 725, -1,
725, 101, 114, -1,
725, 114, 726, -1,
726, 114, 113, -1,
726, 113, 713, -1,
715, 716, 727, -1,
727, 716, 717, -1,
727, 717, 728, -1,
728, 717, 718, -1,
728, 718, 729, -1,
729, 718, 719, -1,
729, 719, 730, -1,
730, 719, 720, -1,
730, 720, 731, -1,
731, 720, 712, -1,
731, 712, 732, -1,
732, 712, 711, -1,
732, 711, 733, -1,
733, 711, 710, -1,
733, 710, 734, -1,
734, 710, 709, -1,
734, 709, 735, -1,
735, 709, 721, -1,
735, 721, 736, -1,
736, 721, 722, -1,
736, 722, 737, -1,
737, 722, 723, -1,
737, 723, 738, -1,
738, 723, 724, -1,
738, 724, 739, -1,
739, 724, 725, -1,
739, 725, 740, -1,
740, 725, 726, -1,
740, 726, 741, -1,
741, 726, 713, -1,
741, 713, 742, -1,
742, 713, 714, -1,
742, 714, 743, -1,
743, 714, 715, -1,
743, 715, 727, -1,
731, 732, 744, -1,
744, 732, 745, -1,
731, 744, 746, -1,
731, 746, 730, -1,
730, 746, 747, -1,
730, 747, 729, -1,
729, 747, 748, -1,
729, 748, 728, -1,
728, 748, 749, -1,
728, 749, 727, -1,
727, 749, 750, -1,
727, 750, 743, -1,
743, 750, 751, -1,
743, 751, 742, -1,
742, 751, 752, -1,
742, 752, 741, -1,
741, 752, 753, -1,
741, 753, 740, -1,
740, 753, 754, -1,
740, 754, 739, -1,
739, 754, 755, -1,
739, 755, 738, -1,
738, 755, 756, -1,
738, 756, 737, -1,
737, 756, 757, -1,
737, 757, 736, -1,
736, 757, 758, -1,
736, 758, 735, -1,
735, 758, 759, -1,
735, 759, 734, -1,
733, 734, 760, -1,
760, 734, 759, -1,
732, 733, 745, -1,
745, 733, 760, -1,
761, 762, 40, -1,
40, 762, 50, -1,
762, 763, 50, -1,
50, 763, 28, -1,
763, 764, 28, -1,
28, 764, 23, -1,
764, 765, 23, -1,
23, 765, 32, -1,
765, 766, 32, -1,
32, 766, 29, -1,
766, 767, 29, -1,
29, 767, 33, -1,
767, 768, 33, -1,
33, 768, 34, -1,
768, 769, 34, -1,
34, 769, 41, -1,
769, 770, 41, -1,
41, 770, 39, -1,
770, 771, 39, -1,
39, 771, 37, -1,
771, 772, 37, -1,
37, 772, 38, -1,
772, 761, 38, -1,
38, 761, 40, -1,
763, 762, 761, -1,
761, 772, 763, -1,
763, 772, 771, -1,
763, 771, 764, -1,
766, 765, 767, -1,
767, 765, 764, -1,
767, 764, 768, -1,
768, 764, 771, -1,
768, 771, 769, -1,
769, 771, 770, -1,
773, 774, 36, -1,
36, 774, 78, -1,
775, 81, 80, -1,
775, 80, 776, -1,
776, 80, 79, -1,
776, 79, 777, -1,
777, 79, 78, -1,
777, 78, 774, -1,
778, 69, 77, -1,
778, 77, 779, -1,
779, 77, 76, -1,
779, 76, 780, -1,
780, 76, 74, -1,
780, 74, 781, -1,
781, 74, 72, -1,
781, 72, 782, -1,
782, 72, 71, -1,
782, 71, 783, -1,
783, 71, 82, -1,
783, 82, 784, -1,
784, 82, 81, -1,
784, 81, 775, -1,
785, 85, 786, -1,
786, 85, 52, -1,
52, 51, 786, -1,
786, 51, 46, -1,
786, 46, 787, -1,
787, 46, 45, -1,
787, 45, 788, -1,
788, 45, 43, -1,
788, 43, 789, -1,
789, 43, 42, -1,
789, 42, 790, -1,
790, 42, 70, -1,
790, 70, 791, -1,
791, 70, 69, -1,
791, 69, 778, -1,
85, 785, 24, -1,
24, 785, 792, -1,
24, 792, 25, -1,
25, 792, 793, -1,
25, 793, 26, -1,
793, 794, 26, -1,
26, 794, 27, -1,
795, 20, 35, -1,
795, 35, 796, -1,
796, 35, 27, -1,
796, 27, 794, -1,
797, 57, 67, -1,
797, 67, 798, -1,
798, 67, 66, -1,
798, 66, 799, -1,
799, 66, 56, -1,
799, 56, 800, -1,
800, 56, 55, -1,
800, 55, 801, -1,
801, 55, 54, -1,
801, 54, 802, -1,
802, 54, 21, -1,
802, 21, 803, -1,
803, 21, 20, -1,
803, 20, 795, -1,
804, 61, 60, -1,
804, 60, 805, -1,
805, 60, 62, -1,
805, 62, 806, -1,
806, 62, 63, -1,
806, 63, 807, -1,
807, 63, 64, -1,
807, 64, 808, -1,
808, 64, 59, -1,
808, 59, 809, -1,
809, 59, 58, -1,
809, 58, 810, -1,
810, 58, 57, -1,
810, 57, 797, -1,
773, 36, 22, -1,
773, 22, 811, -1,
811, 22, 65, -1,
811, 65, 812, -1,
812, 65, 61, -1,
812, 61, 804, -1,
805, 775, 804, -1,
804, 775, 776, -1,
804, 776, 812, -1,
812, 776, 777, -1,
812, 777, 811, -1,
811, 777, 774, -1,
811, 774, 773, -1,
794, 793, 796, -1,
796, 793, 792, -1,
796, 792, 795, -1,
795, 792, 785, -1,
795, 785, 803, -1,
803, 785, 786, -1,
803, 786, 802, -1,
802, 786, 787, -1,
802, 787, 801, -1,
801, 787, 788, -1,
801, 788, 800, -1,
800, 788, 789, -1,
800, 789, 799, -1,
799, 789, 790, -1,
799, 790, 798, -1,
798, 790, 791, -1,
798, 791, 797, -1,
797, 791, 778, -1,
797, 778, 810, -1,
810, 778, 779, -1,
810, 779, 809, -1,
809, 779, 780, -1,
809, 780, 808, -1,
808, 780, 781, -1,
808, 781, 807, -1,
807, 781, 782, -1,
807, 782, 806, -1,
806, 782, 783, -1,
806, 783, 805, -1,
805, 783, 784, -1,
805, 784, 775, -1,
813, 814, 75, -1,
75, 814, 73, -1,
814, 815, 73, -1,
73, 815, 49, -1,
815, 816, 49, -1,
49, 816, 53, -1,
816, 817, 53, -1,
53, 817, 44, -1,
817, 818, 44, -1,
44, 818, 68, -1,
818, 813, 68, -1,
68, 813, 75, -1,
817, 816, 818, -1,
818, 816, 815, -1,
818, 815, 813, -1,
813, 815, 814, -1,
990, 988, 970, -1,
970, 988, 968, -1,
976, 975, 979, -1,
979, 975, 980, -1,
971, 969, 989, -1,
989, 969, 987, -1,
971, 989, 983, -1,
971, 983, 963, -1,
963, 983, 982, -1,
963, 982, 964, -1,
964, 982, 986, -1,
964, 986, 966, -1,
966, 986, 985, -1,
966, 985, 967, -1,
967, 985, 984, -1,
967, 984, 962, -1,
962, 984, 960, -1,
962, 960, 961, -1,
976, 979, 995, -1,
976, 995, 977, -1,
977, 995, 994, -1,
977, 994, 978, -1,
978, 994, 993, -1,
978, 993, 974, -1,
974, 993, 992, -1,
974, 992, 973, -1,
973, 992, 991, -1,
973, 991, 972, -1,
972, 991, 990, -1,
972, 990, 970, -1,
1480, 1481, 913, -1,
913, 1481, 911, -1,
1481, 1482, 911, -1,
911, 1482, 909, -1,
1482, 1483, 909, -1,
909, 1483, 907, -1,
1483, 1484, 907, -1,
907, 1484, 908, -1,
1484, 1485, 908, -1,
908, 1485, 910, -1,
1485, 1486, 910, -1,
910, 1486, 912, -1,
1486, 1487, 912, -1,
912, 1487, 914, -1,
1487, 1480, 914, -1,
914, 1480, 913, -1,
1488, 1489, 1487, -1,
1486, 1485, 1484, -1,
1489, 1490, 1487, -1,
1487, 1490, 1491, -1,
1487, 1491, 1480, -1,
1480, 1491, 1492, -1,
1480, 1492, 1493, -1,
1493, 1494, 1480, -1,
1480, 1494, 1495, -1,
1480, 1495, 1481, -1,
1482, 1481, 1483, -1,
1483, 1481, 1495, -1,
1483, 1495, 1484, -1,
1484, 1495, 1488, -1,
1484, 1488, 1486, -1,
1486, 1488, 1487, -1,
1488, 1495, 1496, -1,
1496, 1495, 1497, -1,
1489, 1488, 1498, -1,
1498, 1488, 1496, -1,
1489, 1498, 1499, -1,
1489, 1499, 1490, -1,
1490, 1499, 1500, -1,
1490, 1500, 1491, -1,
1492, 1491, 1501, -1,
1501, 1491, 1500, -1,
1492, 1501, 1502, -1,
1492, 1502, 1493, -1,
1493, 1502, 1503, -1,
1493, 1503, 1494, -1,
1495, 1494, 1497, -1,
1497, 1494, 1503, -1,
1504, 1505, 927, -1,
927, 1505, 928, -1,
1505, 1506, 928, -1,
928, 1506, 929, -1,
1506, 1507, 929, -1,
929, 1507, 915, -1,
1508, 931, 930, -1,
1508, 930, 1509, -1,
1509, 930, 925, -1,
1509, 925, 1510, -1,
1510, 925, 924, -1,
1510, 924, 1511, -1,
1511, 924, 923, -1,
1511, 923, 1512, -1,
1512, 923, 918, -1,
1512, 918, 1513, -1,
1513, 918, 917, -1,
1513, 917, 1514, -1,
1514, 917, 916, -1,
1514, 916, 1515, -1,
1515, 916, 915, -1,
1515, 915, 1507, -1,
1504, 927, 926, -1,
1504, 926, 1516, -1,
1516, 926, 922, -1,
1516, 922, 1517, -1,
1517, 922, 921, -1,
1517, 921, 1518, -1,
1518, 921, 920, -1,
1518, 920, 1519, -1,
1519, 920, 919, -1,
1519, 919, 1520, -1,
1520, 919, 932, -1,
1520, 932, 1521, -1,
1521, 932, 931, -1,
1521, 931, 1508, -1,
1510, 1511, 1522, -1,
1522, 1511, 1512, -1,
1522, 1512, 1523, -1,
1523, 1512, 1513, -1,
1523, 1513, 1524, -1,
1524, 1513, 1514, -1,
1524, 1514, 1525, -1,
1525, 1514, 1515, -1,
1525, 1515, 1526, -1,
1526, 1515, 1507, -1,
1526, 1507, 1527, -1,
1527, 1507, 1506, -1,
1527, 1506, 1528, -1,
1528, 1506, 1505, -1,
1528, 1505, 1529, -1,
1529, 1505, 1504, -1,
1529, 1504, 1530, -1,
1530, 1504, 1516, -1,
1530, 1516, 1531, -1,
1531, 1516, 1517, -1,
1531, 1517, 1532, -1,
1532, 1517, 1518, -1,
1532, 1518, 1533, -1,
1533, 1518, 1519, -1,
1533, 1519, 1534, -1,
1534, 1519, 1520, -1,
1534, 1520, 1535, -1,
1535, 1520, 1521, -1,
1535, 1521, 1536, -1,
1536, 1521, 1508, -1,
1536, 1508, 1537, -1,
1537, 1508, 1509, -1,
1537, 1509, 1538, -1,
1538, 1509, 1510, -1,
1538, 1510, 1522, -1,
1526, 1527, 1539, -1,
1539, 1527, 1540, -1,
1526, 1539, 1541, -1,
1526, 1541, 1525, -1,
1525, 1541, 1542, -1,
1525, 1542, 1524, -1,
1524, 1542, 1543, -1,
1524, 1543, 1523, -1,
1523, 1543, 1544, -1,
1523, 1544, 1522, -1,
1522, 1544, 1545, -1,
1522, 1545, 1538, -1,
1538, 1545, 1546, -1,
1538, 1546, 1537, -1,
1537, 1546, 1547, -1,
1537, 1547, 1536, -1,
1536, 1547, 1548, -1,
1536, 1548, 1535, -1,
1535, 1548, 1549, -1,
1535, 1549, 1534, -1,
1534, 1549, 1550, -1,
1534, 1550, 1533, -1,
1533, 1550, 1551, -1,
1533, 1551, 1532, -1,
1532, 1551, 1552, -1,
1532, 1552, 1531, -1,
1531, 1552, 1553, -1,
1531, 1553, 1530, -1,
1530, 1553, 1554, -1,
1530, 1554, 1529, -1,
1528, 1529, 1555, -1,
1555, 1529, 1554, -1,
1527, 1528, 1540, -1,
1540, 1528, 1555, -1,
1556, 1557, 859, -1,
859, 1557, 869, -1,
1557, 1558, 869, -1,
869, 1558, 847, -1,
1558, 1559, 847, -1,
847, 1559, 842, -1,
1559, 1560, 842, -1,
842, 1560, 851, -1,
1560, 1561, 851, -1,
851, 1561, 848, -1,
1561, 1562, 848, -1,
848, 1562, 852, -1,
1562, 1563, 852, -1,
852, 1563, 853, -1,
1563, 1564, 853, -1,
853, 1564, 860, -1,
1564, 1565, 860, -1,
860, 1565, 858, -1,
1565, 1566, 858, -1,
858, 1566, 856, -1,
1566, 1567, 856, -1,
856, 1567, 857, -1,
1567, 1556, 857, -1,
857, 1556, 859, -1,
1558, 1557, 1556, -1,
1556, 1567, 1558, -1,
1558, 1567, 1566, -1,
1558, 1566, 1559, -1,
1561, 1560, 1562, -1,
1562, 1560, 1559, -1,
1562, 1559, 1563, -1,
1563, 1559, 1566, -1,
1563, 1566, 1564, -1,
1564, 1566, 1565, -1,
1568, 1569, 855, -1,
855, 1569, 897, -1,
1570, 900, 899, -1,
1570, 899, 1571, -1,
1571, 899, 898, -1,
1571, 898, 1572, -1,
1572, 898, 897, -1,
1572, 897, 1569, -1,
1573, 888, 896, -1,
1573, 896, 1574, -1,
1574, 896, 895, -1,
1574, 895, 1575, -1,
1575, 895, 893, -1,
1575, 893, 1576, -1,
1576, 893, 891, -1,
1576, 891, 1577, -1,
1577, 891, 890, -1,
1577, 890, 1578, -1,
1578, 890, 901, -1,
1578, 901, 1579, -1,
1579, 901, 900, -1,
1579, 900, 1570, -1,
1580, 904, 1581, -1,
1581, 904, 871, -1,
871, 870, 1581, -1,
1581, 870, 865, -1,
1581, 865, 1582, -1,
1582, 865, 864, -1,
1582, 864, 1583, -1,
1583, 864, 862, -1,
1583, 862, 1584, -1,
1584, 862, 861, -1,
1584, 861, 1585, -1,
1585, 861, 889, -1,
1585, 889, 1586, -1,
1586, 889, 888, -1,
1586, 888, 1573, -1,
904, 1580, 843, -1,
843, 1580, 1587, -1,
843, 1587, 844, -1,
844, 1587, 1588, -1,
844, 1588, 845, -1,
1588, 1589, 845, -1,
845, 1589, 846, -1,
1590, 839, 854, -1,
1590, 854, 1591, -1,
1591, 854, 846, -1,
1591, 846, 1589, -1,
1592, 876, 886, -1,
1592, 886, 1593, -1,
1593, 886, 885, -1,
1593, 885, 1594, -1,
1594, 885, 875, -1,
1594, 875, 1595, -1,
1595, 875, 874, -1,
1595, 874, 1596, -1,
1596, 874, 873, -1,
1596, 873, 1597, -1,
1597, 873, 840, -1,
1597, 840, 1598, -1,
1598, 840, 839, -1,
1598, 839, 1590, -1,
1599, 880, 879, -1,
1599, 879, 1600, -1,
1600, 879, 881, -1,
1600, 881, 1601, -1,
1601, 881, 882, -1,
1601, 882, 1602, -1,
1602, 882, 883, -1,
1602, 883, 1603, -1,
1603, 883, 878, -1,
1603, 878, 1604, -1,
1604, 878, 877, -1,
1604, 877, 1605, -1,
1605, 877, 876, -1,
1605, 876, 1592, -1,
1568, 855, 841, -1,
1568, 841, 1606, -1,
1606, 841, 884, -1,
1606, 884, 1607, -1,
1607, 884, 880, -1,
1607, 880, 1599, -1,
1600, 1570, 1599, -1,
1599, 1570, 1571, -1,
1599, 1571, 1607, -1,
1607, 1571, 1572, -1,
1607, 1572, 1606, -1,
1606, 1572, 1569, -1,
1606, 1569, 1568, -1,
1589, 1588, 1591, -1,
1591, 1588, 1587, -1,
1591, 1587, 1590, -1,
1590, 1587, 1580, -1,
1590, 1580, 1598, -1,
1598, 1580, 1581, -1,
1598, 1581, 1597, -1,
1597, 1581, 1582, -1,
1597, 1582, 1596, -1,
1596, 1582, 1583, -1,
1596, 1583, 1595, -1,
1595, 1583, 1584, -1,
1595, 1584, 1594, -1,
1594, 1584, 1585, -1,
1594, 1585, 1593, -1,
1593, 1585, 1586, -1,
1593, 1586, 1592, -1,
1592, 1586, 1573, -1,
1592, 1573, 1605, -1,
1605, 1573, 1574, -1,
1605, 1574, 1604, -1,
1604, 1574, 1575, -1,
1604, 1575, 1603, -1,
1603, 1575, 1576, -1,
1603, 1576, 1602, -1,
1602, 1576, 1577, -1,
1602, 1577, 1601, -1,
1601, 1577, 1578, -1,
1601, 1578, 1600, -1,
1600, 1578, 1579, -1,
1600, 1579, 1570, -1,
1608, 1609, 894, -1,
894, 1609, 892, -1,
1609, 1610, 892, -1,
892, 1610, 868, -1,
1610, 1611, 868, -1,
868, 1611, 872, -1,
1611, 1612, 872, -1,
872, 1612, 863, -1,
1612, 1613, 863, -1,
863, 1613, 887, -1,
1613, 1608, 887, -1,
887, 1608, 894, -1,
1612, 1611, 1613, -1,
1613, 1611, 1610, -1,
1613, 1610, 1608, -1,
1608, 1610, 1609, -1,
] } }
